price,spec_rating,display_size,warranty,resolution_area,brand_Acer,brand_Apple,brand_Asus,brand_Dell,brand_HP,brand_Infinix,brand_Lenovo,brand_MSI,brand_Others,brand_Samsung,name,processor,CPU,Ram,Ram_type,ROM,ROM_type,GPU,OS
49900,73.0,15.6,1,2073600,0,0,0,0,1,0,0,0,0,0,647,105,19,6,2,5,1,19,12
39900,60.0,15.6,1,2073600,0,0,0,0,1,0,0,0,0,0,38,34,18,6,2,5,1,126,12
26990,69.32352941,14.0,1,2073600,1,0,0,0,0,0,0,0,0,0,440,15,17,6,2,5,1,123,12
59729,66.0,14.0,1,3136000,0,0,0,0,0,0,1,0,0,0,784,39,6,1,8,5,1,111,12
69990,69.32352941,13.3,1,4096000,0,1,0,0,0,0,0,0,0,0,378,160,21,6,2,2,1,91,7
39990,62.0,14.0,1,2073600,1,0,0,0,0,0,0,0,0,0,159,39,6,6,2,5,1,123,12
36790,60.0,15.6,1,2073600,0,0,0,1,0,0,0,0,0,0,299,34,18,6,2,5,1,126,12
76990,63.0,15.6,1,2073600,1,0,0,0,0,0,0,0,0,0,411,61,22,1,4,5,1,53,12
48990,64.0,15.6,1,2073600,0,0,1,0,0,0,0,0,0,0,688,42,6,6,2,5,1,121,12
74990,68.0,13.3,1,2073600,0,0,0,0,0,0,0,0,0,1,198,39,6,1,8,5,1,123,12
49990,69.32352941,15.6,1,2073600,0,0,0,0,0,0,1,0,0,0,612,45,1,1,2,5,1,112,12
10990,69.32352941,14.1,1,1049088,0,0,0,0,0,0,0,0,1,0,486,171,16,4,2,0,1,115,12
72990,76.0,15.6,1,2073600,0,0,1,0,0,0,0,0,0,0,533,42,6,1,2,5,1,33,12
10990,69.32352941,11.6,1,1049088,0,0,0,0,0,0,0,0,1,0,60,182,20,4,5,6,0,90,0
29990,69.32352941,15.6,1,2073600,0,0,0,0,0,0,1,0,0,0,617,126,28,6,8,5,1,80,12
53649,70.0,15.6,1,2073600,0,0,1,0,0,0,0,0,0,0,539,26,19,6,2,5,1,31,12
33990,69.32352941,14.0,1,2073600,0,0,0,0,0,0,0,1,0,0,395,15,17,6,2,5,1,112,12
79990,71.0,15.6,1,2073600,0,0,0,0,0,1,0,0,0,0,809,75,8,3,9,1,1,111,12
68990,65.0,15.6,1,2073600,0,0,0,0,1,0,0,0,0,0,630,40,22,1,2,5,1,33,12
45990,71.0,15.6,1,2073600,0,0,0,0,0,0,1,0,0,0,248,20,28,6,2,5,1,27,12
49900,65.0,16.0,1,2304000,0,0,1,0,0,0,0,0,0,0,706,105,19,6,2,5,1,85,12
104990,69.32352941,13.6,1,4259840,0,1,0,0,0,0,0,0,0,0,379,164,21,6,2,2,1,57,7
54990,72.0,15.6,1,2073600,1,0,0,0,0,0,0,0,0,0,99,40,22,1,2,5,1,31,12
49580,64.0,15.6,1,2073600,0,0,0,0,1,0,0,0,0,0,31,24,28,1,2,5,1,123,12
55990,71.0,16.0,1,2304000,0,0,1,0,0,0,0,0,0,0,708,111,24,1,2,5,1,85,12
43990,63.0,15.6,1,2073600,0,0,0,0,1,0,0,0,0,0,26,104,19,1,2,5,1,79,12
19850,69.32352941,15.6,1,1049088,0,0,0,0,1,0,0,0,0,0,58,83,16,4,2,2,1,70,3
28990,69.32352941,15.6,1,2073600,1,0,0,0,0,0,0,0,0,0,156,177,25,6,8,5,1,112,12
54999,71.0,15.6,1,2073600,1,0,0,0,0,0,0,0,0,0,88,39,6,1,2,5,1,31,12
70990,69.32352941,15.6,1,2073600,0,0,0,1,0,0,0,0,0,0,312,66,1,1,2,5,1,126,12
56889,60.0,15.6,1,2073600,0,0,0,0,0,0,1,0,0,0,259,119,19,6,2,5,1,33,12
179880,78.0,16.0,1,2304000,1,0,0,0,0,0,0,0,0,0,476,76,14,1,4,1,1,64,12
53790,71.0,15.6,1,2073600,0,0,0,0,1,0,0,0,0,0,646,105,19,1,2,5,1,20,12
37990,60.0,15.6,1,2073600,1,0,0,0,0,0,0,0,0,0,102,104,19,1,2,5,1,69,12
96990,77.0,15.6,1,3686400,1,0,0,0,0,0,0,0,0,0,410,48,2,1,2,1,1,60,12
71990,66.0,15.6,1,2073600,0,0,0,0,1,0,0,0,0,0,458,59,6,1,2,5,1,105,12
59990,75.0,16.1,1,2073600,0,0,0,0,1,0,0,0,0,0,658,26,19,1,2,5,1,27,12
62990,60.0,14.0,1,2304000,0,0,0,0,0,0,1,0,0,0,275,40,22,1,8,1,1,98,12
30990,69.32352941,14.0,1,2073600,0,0,0,0,0,1,0,0,0,0,211,34,18,6,6,5,1,111,12
74990,70.0,15.6,1,2073600,0,0,0,0,0,0,1,0,0,0,350,40,22,1,4,5,1,50,12
36490,60.0,15.6,1,2073600,0,0,0,0,1,0,0,0,0,0,41,15,17,6,2,5,1,126,12
77990,73.0,15.6,1,2073600,0,0,0,1,0,0,0,0,0,0,162,42,6,1,4,1,1,33,12
54990,62.0,15.6,1,2073600,0,0,0,0,0,0,0,0,0,1,197,38,1,1,5,5,1,112,12
41190,69.32352941,15.6,1,2073600,0,0,0,0,0,0,1,0,0,0,224,34,18,6,2,2,1,127,12
89990,70.0,16.0,1,2304000,0,0,1,0,0,0,0,0,0,0,498,62,2,1,4,5,1,50,12
399999,84.0,16.0,1,6400000,0,0,0,0,0,0,1,0,0,0,362,79,14,3,4,1,1,7,12
31990,69.32352941,15.6,1,2073600,0,0,0,0,0,0,0,0,1,0,416,23,28,6,2,5,1,98,12
31490,69.32352941,15.6,1,2073600,0,0,0,1,0,0,0,0,0,0,306,94,28,6,2,5,1,83,12
70590,71.0,15.6,1,2073600,0,0,0,0,1,0,0,0,0,0,629,40,22,1,2,5,1,33,12
104990,78.0,15.6,1,2073600,0,0,1,0,0,0,0,0,0,0,535,51,8,1,2,5,1,63,12
23990,69.32352941,15.6,1,2073600,0,0,0,0,0,0,1,0,0,0,606,171,16,6,2,2,1,109,12
37999,64.0,15.6,1,1049088,0,0,0,0,1,0,0,0,0,0,56,107,19,6,2,5,1,80,12
52990,66.0,14.0,1,2304000,0,0,0,0,0,0,0,0,1,0,387,40,22,1,2,5,1,126,12
30849,62.0,15.6,1,2073600,0,0,0,0,0,0,1,0,0,0,604,94,28,6,2,5,1,80,12
58990,70.0,15.6,1,2073600,0,0,0,0,1,0,0,0,0,0,628,40,22,6,2,5,1,27,12
34990,63.0,15.6,1,2073600,0,0,0,0,0,0,0,0,1,0,795,27,28,1,6,5,1,112,12
49990,69.0,16.0,1,2073600,0,0,0,0,0,0,1,0,0,0,568,135,24,1,2,5,1,79,12
51780,69.32352941,15.6,1,2073600,0,0,0,0,1,0,0,0,0,0,19,37,1,6,2,5,1,123,12
68990,71.0,15.6,1,2073600,0,0,1,0,0,0,0,0,0,0,538,30,24,1,2,5,1,37,12
85990,76.0,15.6,1,2073600,0,0,1,0,0,0,0,0,0,0,544,52,9,1,4,1,1,33,12
96990,67.0,15.6,1,2073600,0,0,0,0,0,0,1,0,0,0,348,70,2,1,4,5,1,53,12
148990,80.0,16.0,1,6400000,0,0,0,0,0,0,1,0,0,0,373,75,8,3,4,1,1,63,12
72990,75.0,17.3,1,2073600,0,0,1,0,0,0,0,0,0,0,547,42,6,1,4,5,1,33,12
84490,66.0,14.0,1,2304000,0,0,0,1,0,0,0,0,0,0,325,68,6,1,8,1,1,123,12
60990,67.0,15.6,1,2073600,0,0,1,0,0,0,0,0,0,0,691,48,2,1,2,5,1,121,12
33990,69.32352941,14.0,1,2073600,0,0,0,0,0,1,0,0,0,0,209,27,28,1,6,5,1,111,12
35990,64.0,14.0,1,2073600,0,0,1,0,0,0,0,0,0,0,666,15,17,1,2,5,1,108,12
60990,70.0,15.6,1,2073600,1,0,0,0,0,0,0,0,0,0,96,40,22,1,2,5,1,30,12
43990,69.32352941,14.0,1,5184000,0,0,0,0,0,0,0,0,1,0,509,42,6,1,4,5,1,123,12
62990,72.0,16.0,1,2304000,0,0,1,0,0,0,0,0,0,0,712,40,22,1,2,5,1,31,12
65990,76.0,15.6,1,2073600,0,0,0,0,0,0,0,1,0,0,175,30,24,1,2,1,0,33,12
23990,69.32352941,15.6,1,2073600,0,0,0,0,0,1,0,0,0,0,215,13,27,6,6,5,1,112,12
61990,72.0,15.6,1,2073600,0,0,1,0,0,0,0,0,0,0,537,26,19,1,2,5,1,33,12
36990,62.0,15.6,1,2073600,0,0,0,1,0,0,0,0,0,0,306,95,28,6,2,5,1,83,12
50970,65.0,16.0,1,2304000,0,0,1,0,0,0,0,0,0,0,707,105,19,1,2,5,1,86,12
184999,70.0,15.6,0,2304000,0,0,0,1,0,0,0,0,0,0,474,10,19,1,2,5,1,25,10
109990,76.0,16.1,1,2073600,0,0,0,0,1,0,0,0,0,0,417,139,24,1,4,1,1,53,12
42990,69.0,15.6,1,2073600,0,0,0,0,0,0,0,0,1,0,488,37,1,1,2,5,1,102,12
39150,69.32352941,15.6,1,2073600,0,0,0,0,1,0,0,0,0,0,40,34,18,6,2,5,1,112,12
92999,64.0,14.0,1,5184000,1,0,0,0,0,0,0,0,0,0,523,63,6,1,8,5,1,111,12
80990,76.0,16.1,1,2073600,0,0,0,0,1,0,0,0,0,0,659,139,24,1,4,5,1,50,12
55850,70.0,15.6,1,2073600,0,0,0,0,1,0,0,0,0,0,627,132,19,6,4,5,1,31,12
38990,64.0,15.6,1,2073600,1,0,0,0,0,0,0,0,0,0,104,23,28,6,2,5,1,120,12
53990,73.0,15.6,1,2073600,0,0,0,0,0,0,0,1,0,0,558,19,19,1,2,1,0,92,12
38990,69.32352941,14.0,1,2073600,0,0,0,0,0,1,0,0,0,0,212,37,1,1,6,5,1,111,12
139234,80.0,16.0,1,2073600,0,0,0,0,1,0,0,0,0,0,431,139,24,1,4,1,1,63,12
57990,73.0,15.6,1,2073600,0,0,0,0,0,0,0,1,0,0,554,19,19,1,2,1,0,33,12
89999,64.0,15.6,1,2073600,0,0,0,0,0,0,1,0,0,0,352,61,22,6,4,5,1,63,12
37990,60.0,14.0,1,2073600,1,0,0,0,0,0,0,0,0,0,441,18,28,1,2,5,1,123,12
30990,69.32352941,14.0,1,2073600,0,0,1,0,0,0,0,0,0,0,665,15,17,6,2,5,1,108,12
92990,71.0,15.6,1,2073600,0,0,0,1,0,0,0,0,0,0,167,62,2,1,4,5,1,50,12
42990,69.32352941,15.6,1,2073600,0,0,0,0,1,0,0,0,0,0,42,34,18,6,2,5,1,126,12
59089,72.0,15.6,1,2073600,0,0,1,0,0,0,0,0,0,0,540,26,19,1,2,5,1,31,12
72999,72.0,15.6,1,2073600,0,0,0,0,1,0,0,0,0,0,631,40,22,1,2,5,1,33,12
126742,77.0,16.1,1,3686400,0,0,0,0,1,0,0,0,0,0,419,120,24,1,4,1,1,61,12
126990,69.32352941,15.3,1,5368320,0,1,0,0,0,0,0,0,0,0,375,164,21,6,2,2,1,1,7
49990,69.32352941,15.6,1,2073600,0,0,0,0,0,0,0,0,0,1,196,37,1,6,5,5,1,112,12
74390,62.0,14.0,1,2073600,0,0,0,1,0,0,0,0,0,0,318,39,6,1,4,5,1,112,12
52990,69.32352941,15.6,1,2073600,0,0,0,1,0,0,0,0,0,0,298,37,1,6,2,5,1,126,12
60990,67.0,15.6,1,2073600,0,0,0,0,0,0,1,0,0,0,247,20,28,6,2,5,1,36,12
98174,80.0,16.1,1,2073600,0,0,0,0,1,0,0,0,0,0,418,120,24,1,4,5,1,58,12
18990,69.32352941,14.0,1,2073600,0,0,0,0,0,0,1,0,0,0,143,157,16,6,2,2,1,80,12
38990,60.0,15.6,1,2073600,0,0,1,0,0,0,0,0,0,0,672,23,28,6,2,5,1,111,12
41950,64.0,14.0,1,2073600,0,0,0,0,1,0,0,0,0,0,8,97,19,6,2,5,1,79,12
46990,65.0,15.6,1,6400000,0,0,0,0,0,0,0,0,1,0,392,21,28,1,2,5,1,123,9
9999,69.32352941,11.6,1,1049088,0,0,0,0,0,0,0,0,1,0,155,170,26,2,1,4,0,101,10
40990,69.32352941,15.6,1,2073600,0,0,1,0,0,0,0,0,0,0,687,35,1,6,2,5,1,126,12
74990,67.0,15.6,1,2073600,0,0,0,0,0,0,1,0,0,0,261,122,24,6,2,5,1,33,12
33990,65.0,15.6,1,2073600,0,0,0,0,0,0,0,0,1,0,796,34,18,6,2,5,1,102,12
39990,66.0,15.6,1,2073600,0,0,0,0,0,0,0,0,1,0,487,37,1,6,2,5,1,102,12
10990,69.32352941,11.6,1,1049088,0,0,1,0,0,0,0,0,0,0,123,171,16,4,5,4,0,128,1
88990,75.0,15.6,2,2073600,0,0,0,0,0,0,0,1,0,0,342,63,6,3,4,1,1,50,12
54990,62.0,15.6,1,2073600,0,0,0,0,1,0,0,0,0,0,46,37,1,6,2,5,1,112,12
49990,70.0,15.6,1,2073600,0,0,0,0,0,0,1,0,0,0,567,135,24,6,2,5,1,79,12
80739,71.0,16.0,1,2304000,0,0,1,0,0,0,0,0,0,0,704,75,8,1,2,5,1,94,12
62990,64.0,15.6,1,2073600,0,0,0,0,0,0,1,0,0,0,587,45,1,1,2,5,1,111,12
62990,66.0,15.6,1,2073600,0,0,0,0,1,0,0,0,0,0,635,40,22,6,2,5,1,31,12
69501,71.0,15.6,1,2073600,0,0,0,0,1,0,0,0,0,0,653,146,19,1,4,5,1,31,12
59990,69.32352941,14.0,1,2073600,0,0,0,0,0,0,1,0,0,0,274,40,22,1,8,5,1,126,12
54990,69.0,15.6,1,2073600,0,0,0,0,1,0,0,0,0,0,651,146,19,6,4,5,1,31,12
64990,69.0,15.6,1,2073600,0,0,0,0,0,0,1,0,0,0,349,40,22,1,4,5,1,31,12
37729,60.0,15.6,1,2073600,0,0,0,0,0,0,0,1,0,0,399,34,18,1,2,5,1,111,12
50712,69.0,15.6,1,2073600,0,0,0,0,0,0,1,0,0,0,256,100,19,1,2,5,1,27,12
44990,62.0,14.0,1,2073600,0,0,0,0,0,0,0,1,0,0,393,27,28,1,2,5,1,111,12
23990,69.32352941,14.0,1,2304000,0,0,0,0,0,0,0,0,1,0,131,1,17,6,2,5,1,126,12
49990,63.0,15.6,1,2073600,0,0,0,0,1,0,0,0,0,0,30,109,24,1,2,5,1,82,12
72990,66.0,15.6,1,2073600,0,0,0,0,1,0,0,0,0,0,457,60,6,1,2,5,1,107,12
52101,66.0,15.6,1,2073600,0,0,0,0,0,0,1,0,0,0,266,28,28,1,2,5,1,94,12
28990,69.32352941,14.0,1,2073600,0,0,0,0,0,1,0,0,0,0,207,14,17,6,6,5,1,115,12
69490,65.0,15.6,1,2073600,0,0,0,0,1,0,0,0,0,0,464,45,1,1,2,5,1,121,12
39965,69.32352941,15.6,1,2073600,1,0,0,0,0,0,0,0,0,0,93,56,18,6,8,5,1,126,12
54990,67.0,14.0,1,2073600,1,0,0,0,0,0,0,0,0,0,80,58,1,1,2,5,1,31,12
46999,64.0,15.6,1,2073600,0,0,1,0,0,0,0,0,0,0,689,37,1,6,2,5,1,121,12
83990,65.0,15.6,1,4665600,0,0,1,0,0,0,0,0,0,0,755,63,6,1,8,5,1,111,12
51499,67.0,15.6,1,2073600,0,0,0,0,1,0,0,0,0,0,639,101,19,6,2,5,1,20,12
50990,68.0,14.0,1,2073600,0,0,0,1,0,0,0,0,0,0,763,107,19,1,2,5,1,80,12
23990,69.32352941,15.6,1,1049088,0,0,0,0,1,0,0,0,0,0,124,173,16,4,7,0,0,115,1
27990,69.32352941,15.6,1,2073600,1,0,0,0,0,0,0,0,0,0,71,126,28,6,8,5,1,81,12
79990,70.0,14.0,1,2073600,0,0,0,0,1,0,0,0,0,0,471,58,1,1,2,1,1,111,12
84390,60.0,15.6,1,2073600,0,0,0,0,0,0,0,0,0,1,184,66,1,1,7,5,1,123,12
24990,69.32352941,15.6,1,2073600,0,0,0,0,0,1,0,0,0,0,214,1,17,6,6,2,1,112,12
281990,82.0,16.0,1,5184000,0,0,0,0,0,0,0,0,0,1,193,75,8,3,8,1,1,132,12
26590,69.32352941,15.6,1,1049088,0,0,0,0,0,0,1,0,0,0,220,156,16,6,8,5,1,75,12
37990,60.0,14.0,1,2073600,0,0,0,0,0,1,0,0,0,0,208,27,28,1,6,1,1,111,12
71189,70.0,15.6,1,2073600,0,0,1,0,0,0,0,0,0,0,744,122,24,1,8,5,1,33,12
85999,76.0,16.1,1,2073600,0,0,0,0,1,0,0,0,0,0,659,139,24,1,4,5,1,50,12
93990,80.0,14.0,1,5184000,0,0,0,0,0,0,1,0,0,0,782,137,24,1,4,1,1,80,12
84990,69.0,14.0,1,9216000,0,0,1,0,0,0,0,0,0,0,804,42,6,1,8,5,1,123,12
44190,69.32352941,15.6,1,2073600,0,0,0,1,0,0,0,0,0,0,308,55,15,6,2,1,1,112,12
159990,79.0,16.0,1,4096000,1,0,0,0,0,0,0,0,0,0,475,76,14,1,4,1,1,63,12
52990,70.0,15.6,1,2073600,0,0,0,0,1,0,0,0,0,0,642,105,19,1,2,5,1,20,12
39990,62.0,15.6,1,2073600,1,0,0,0,0,0,0,0,0,0,101,27,28,6,2,5,1,123,12
73990,63.0,14.0,1,2304000,0,0,0,1,0,0,0,0,0,0,295,58,1,1,8,1,1,123,12
57500,70.0,15.6,1,2073600,0,0,0,0,0,0,1,0,0,0,253,22,28,1,2,5,1,26,12
59990,60.0,15.6,1,2073600,0,0,1,0,0,0,0,0,0,0,741,106,19,6,2,5,1,31,12
53990,69.0,15.6,1,2073600,1,0,0,0,0,0,0,0,0,0,98,40,22,1,2,5,1,27,12
33990,69.32352941,14.0,1,2073600,0,0,1,0,0,0,0,0,0,0,665,15,17,6,2,5,1,108,12
75990,70.0,16.0,1,4096000,0,0,0,1,0,0,0,0,0,0,329,59,6,1,8,5,1,123,12
144990,69.32352941,15.3,1,5368320,0,1,0,0,0,0,0,0,0,0,375,164,21,6,2,5,1,1,7
60539,64.0,15.6,1,2073600,0,0,1,0,0,0,0,0,0,0,690,43,6,1,2,5,1,121,12
56990,69.32352941,15.6,1,2073600,0,0,1,0,0,0,0,0,0,0,683,114,24,1,2,5,1,72,13
75533,66.0,15.6,1,2073600,0,0,0,0,1,0,0,0,0,0,456,60,6,1,2,5,1,107,12
74990,69.0,15.6,1,2073600,0,0,0,1,0,0,0,0,0,0,166,62,2,6,4,5,1,50,12
94990,77.0,15.6,1,2073600,0,0,1,0,0,0,0,0,0,0,531,136,24,1,4,5,1,53,12
179990,77.0,16.0,1,4096000,0,0,1,0,0,0,0,0,0,0,501,79,14,1,4,1,1,63,12
77990,72.0,16.0,1,2304000,0,0,1,0,0,0,0,0,0,0,709,40,22,1,2,5,1,33,12
37990,69.32352941,15.6,1,2073600,0,0,0,0,1,0,0,0,0,0,42,34,18,6,2,5,1,126,12
62990,69.32352941,15.6,1,2073600,0,0,0,0,1,0,0,0,0,0,17,58,1,1,2,5,1,105,12
129999,78.0,16.0,1,4096000,1,0,0,0,0,0,0,0,0,0,479,74,10,1,4,1,1,63,12
52990,62.0,15.6,1,2073600,0,0,0,0,1,0,0,0,0,0,459,107,19,6,2,5,1,80,12
104990,75.0,16.0,1,2304000,1,0,0,0,0,0,0,0,0,0,481,74,10,1,4,5,1,53,12
47999,62.0,14.0,1,3110400,0,0,0,0,0,0,0,0,1,0,107,22,28,6,6,5,1,123,12
114499,75.0,16.0,1,2304000,1,0,0,0,0,0,0,0,0,0,480,74,10,1,4,1,1,53,12
49990,60.0,15.6,1,2073600,0,0,0,0,1,0,0,0,0,0,453,34,18,6,2,5,1,126,12
39990,69.32352941,15.6,1,2073600,0,0,1,0,0,0,0,0,0,0,692,34,18,6,2,5,1,121,12
68990,73.0,15.6,1,2073600,1,0,0,0,0,0,0,0,0,0,405,132,19,1,4,5,1,33,12
79990,72.0,15.6,1,2073600,1,0,0,0,0,0,0,0,0,0,406,136,24,1,4,5,1,33,12
66490,75.0,15.6,2,2073600,0,0,0,0,0,0,0,1,0,0,174,30,24,1,2,5,1,43,12
69990,70.0,14.0,1,2304000,0,0,1,0,0,0,0,0,0,0,751,114,24,1,2,5,1,80,12
86490,65.0,15.6,1,4665600,0,0,1,0,0,0,0,0,0,0,755,63,6,1,8,5,1,111,12
32790,69.32352941,15.6,1,2073600,0,0,0,0,1,0,0,0,0,0,11,126,28,6,2,5,1,79,12
429990,69.32352941,16.0,1,9216000,0,0,1,0,0,0,0,0,0,0,503,142,11,3,4,3,1,7,12
49990,68.0,14.0,1,2073600,0,0,0,1,0,0,0,0,0,0,763,107,19,1,2,5,1,80,12
43990,62.0,14.0,1,2073600,0,0,0,0,0,0,0,1,0,0,397,131,19,1,2,5,1,79,12
36990,69.32352941,14.0,1,2073600,0,0,0,0,0,0,0,1,0,0,394,27,28,6,2,5,1,111,12
102990,79.0,15.6,2,2073600,0,0,0,0,0,0,0,1,0,0,525,48,2,1,4,1,1,63,12
29990,69.32352941,15.6,1,2073600,1,0,0,0,0,0,0,0,0,0,157,177,25,6,8,2,1,112,12
77889,70.0,14.0,1,2073600,0,0,0,0,1,0,0,0,0,0,471,58,1,1,2,1,1,111,12
69990,69.32352941,15.6,1,2073600,0,0,0,0,0,0,0,0,0,1,185,58,1,6,7,5,1,123,12
138990,74.0,15.6,1,2073600,0,0,0,0,0,0,0,0,0,1,181,68,6,1,7,1,1,123,12
51990,67.0,15.6,1,2073600,0,0,0,0,1,0,0,0,0,0,649,101,19,6,2,5,1,20,12
69990,69.32352941,14.0,1,2073600,0,0,0,0,0,0,0,0,0,1,182,59,6,6,8,5,1,123,12
72990,66.0,15.6,1,2073600,0,0,1,0,0,0,0,0,0,0,746,105,19,1,2,5,1,33,12
50400,67.0,16.0,1,2304000,0,0,1,0,0,0,0,0,0,0,722,105,19,1,2,5,1,85,12
108000,60.0,14.0,1,1049088,0,0,0,1,0,0,0,0,0,0,355,37,1,6,2,5,1,123,12
50990,69.32352941,15.6,1,2073600,0,0,0,1,0,0,0,0,0,0,304,37,1,6,2,1,0,123,12
47990,67.0,15.6,1,2073600,0,0,0,0,0,0,1,0,0,0,247,20,28,6,2,5,1,36,12
91990,80.0,16.1,1,2073600,0,0,0,0,1,0,0,0,0,0,418,120,24,1,4,5,1,58,12
25449,69.32352941,14.0,1,1049088,1,0,0,0,0,0,0,0,0,0,439,85,17,6,2,2,1,80,12
33207,69.32352941,15.6,1,2073600,1,0,0,0,0,0,0,0,0,0,76,34,18,6,2,5,1,99,12
52990,69.32352941,15.6,1,2073600,0,0,0,0,1,0,0,0,0,0,461,37,1,6,2,5,1,121,12
42434,66.0,14.0,1,2073600,0,0,0,1,0,0,0,0,0,0,762,107,19,6,2,5,1,80,12
42200,65.0,15.6,1,2073600,0,0,0,0,1,0,0,0,0,0,24,15,17,6,2,1,0,112,12
41990,60.0,15.6,1,2073600,0,0,0,0,1,0,0,0,0,0,462,98,19,1,2,5,1,80,12
80900,79.0,15.6,1,2073600,0,0,1,0,0,0,0,0,0,0,529,123,24,1,4,5,1,37,12
38990,69.32352941,15.6,1,2073600,0,0,1,0,0,0,0,0,0,0,685,15,17,6,2,5,1,115,12
135990,69.32352941,13.6,1,4259840,0,1,0,0,0,0,0,0,0,0,379,165,20,6,11,5,1,1,7
72490,64.0,15.6,1,2073600,0,0,1,0,0,0,0,0,0,0,758,42,6,1,2,5,1,119,12
72490,62.0,14.0,1,5184000,0,0,1,0,0,0,0,0,0,0,754,42,6,1,2,5,1,123,12
35990,69.32352941,15.56,1,2073600,0,0,0,1,0,0,0,0,0,0,297,15,17,6,2,5,1,126,12
45989,64.0,15.6,1,6400000,0,0,0,0,0,0,0,0,1,0,392,21,28,6,2,5,1,123,9
52500,69.32352941,15.6,1,2073600,0,0,0,1,0,0,0,0,0,0,296,24,28,6,2,1,0,123,10
59999,69.32352941,14.0,1,1049088,0,0,0,1,0,0,0,0,0,0,354,4,28,6,2,5,1,100,8
112990,69.32352941,13.3,1,4096000,0,1,0,0,0,0,0,0,0,0,377,161,21,6,2,5,1,91,7
21990,69.32352941,14.0,1,2073600,0,0,0,0,0,0,0,0,1,0,493,86,28,6,2,5,1,87,10
201498,81.0,16.0,1,5898240,0,1,0,0,0,0,0,0,0,0,382,154,20,3,2,3,1,48,5
64990,72.0,15.6,1,2073600,0,0,0,0,1,0,0,0,0,0,636,40,22,1,2,1,1,31,12
68999,63.0,14.0,0,2073600,0,0,0,0,0,0,1,0,0,0,581,37,1,6,2,5,1,123,3
60990,66.0,15.6,1,2073600,0,0,0,0,0,0,1,0,0,0,286,132,19,6,4,5,1,31,12
40990,69.32352941,15.6,1,2073600,0,0,0,1,0,0,0,0,0,0,303,34,18,6,2,5,1,112,12
107690,75.0,15.6,1,2073600,0,0,0,0,0,0,1,0,0,0,346,139,24,1,4,5,1,63,12
25490,69.32352941,15.6,1,2073600,0,0,0,0,0,0,1,0,0,0,616,158,16,6,8,5,1,74,12
38999,69.32352941,15.6,1,2073600,0,0,0,0,1,0,0,0,0,0,21,34,18,6,2,5,1,126,12
59990,69.32352941,15.6,1,2073600,0,0,0,0,0,1,0,0,0,0,213,7,28,6,6,5,1,112,12
60990,64.0,15.6,1,2073600,0,0,0,0,1,0,0,0,0,0,625,40,22,6,2,5,1,31,12
55500,70.0,15.6,1,2073600,0,0,0,0,1,0,0,0,0,0,650,132,19,6,4,5,1,31,12
124999,76.0,16.0,1,4096000,0,0,0,0,1,0,0,0,0,0,470,73,8,1,2,1,1,50,12
104990,76.0,16.1,1,2073600,0,0,0,0,1,0,0,0,0,0,417,139,24,1,4,1,1,53,12
136990,72.0,15.6,2,2073600,0,0,0,0,0,0,0,1,0,0,341,48,2,1,4,1,1,64,12
131990,83.0,16.0,1,4096000,0,0,0,0,0,0,1,0,0,0,368,139,24,1,4,1,1,63,12
36490,60.0,14.0,1,2073600,0,0,0,0,0,0,1,0,0,0,264,15,17,6,2,5,1,126,12
188752,75.0,13.4,1,4096000,0,0,1,0,0,0,0,0,0,0,494,141,24,1,8,1,1,63,12
36999,60.0,15.6,1,1049088,0,0,0,0,1,0,0,0,0,0,50,34,18,6,2,5,1,102,12
92890,75.0,14.0,1,5184000,0,0,0,0,0,0,1,0,0,0,780,59,6,1,8,1,1,94,12
57990,69.32352941,14.0,1,2304000,0,0,0,1,0,0,0,0,0,0,331,56,18,6,8,2,1,126,12
51999,62.0,15.6,1,2073600,0,0,0,0,1,0,0,0,0,0,46,37,1,6,2,5,1,112,12
79990,69.32352941,14.0,1,2304000,0,0,0,0,0,0,1,0,0,0,785,63,6,1,8,5,1,111,12
76890,64.0,14.0,1,2304000,0,0,0,0,0,0,1,0,0,0,236,58,1,1,6,5,1,111,12
37790,69.32352941,15.6,1,2073600,0,0,0,0,0,0,1,0,0,0,219,97,19,6,2,5,1,72,12
17990,69.32352941,11.6,1,1049088,1,0,0,0,0,0,0,0,0,0,436,176,16,6,2,0,1,112,12
38990,69.32352941,15.6,1,2073600,0,0,0,0,1,0,0,0,0,0,45,34,18,6,2,5,1,112,12
41990,63.0,15.6,1,2073600,0,0,0,0,0,0,1,0,0,0,231,27,28,6,2,5,1,123,12
68990,69.32352941,14.0,2,2304000,0,0,0,0,0,0,1,0,0,0,278,61,22,1,8,5,1,94,12
69990,67.0,14.0,1,2073600,0,0,0,0,1,0,0,0,0,0,448,37,1,1,2,1,1,111,12
56990,65.0,14.0,1,2073600,1,0,0,0,0,0,0,0,0,0,592,28,28,1,2,1,1,111,12
89990,71.0,15.6,1,2073600,0,0,1,0,0,0,0,0,0,0,496,120,24,1,4,1,1,39,12
62990,71.0,15.6,2,2073600,0,0,0,0,0,0,0,1,0,0,560,40,22,1,2,5,1,33,12
37990,69.32352941,15.6,1,2073600,0,0,0,0,0,0,1,0,0,0,270,34,18,6,2,5,1,126,12
58990,60.0,15.6,1,2073600,0,0,0,0,0,0,1,0,0,0,260,119,19,6,2,5,1,33,12
26990,69.32352941,15.6,1,1049088,0,0,0,0,0,0,1,0,0,0,220,156,16,6,8,5,1,75,12
94990,70.0,16.0,1,2304000,0,0,1,0,0,0,0,0,0,0,499,62,2,1,4,1,1,50,12
86189,71.0,17.3,1,2073600,0,0,1,0,0,0,0,0,0,0,502,122,24,1,4,5,1,33,12
37990,69.32352941,13.5,1,3393024,0,0,0,0,0,0,0,0,1,0,161,34,18,0,5,5,1,109,12
194990,89.0,16.0,1,6400000,0,0,0,0,0,0,1,0,0,0,371,75,8,1,4,1,1,63,12
51990,67.0,15.6,1,2073600,0,0,0,0,0,0,1,0,0,0,249,22,28,6,2,5,1,31,12
31990,69.32352941,15.6,1,2073600,0,0,0,0,0,0,1,0,0,0,267,15,17,6,2,2,1,126,12
41990,69.32352941,15.6,1,2073600,1,0,0,0,0,0,0,0,0,0,91,55,15,6,4,5,1,126,12
31990,69.32352941,15.6,1,2073600,0,0,1,0,0,0,0,0,0,0,667,15,17,6,2,2,1,112,12
51390,60.0,15.6,1,2073600,0,0,1,0,0,0,0,0,0,0,696,37,1,1,2,5,1,123,12
76900,69.32352941,15.6,1,2073600,0,0,0,0,1,0,0,0,0,0,455,58,1,1,3,1,1,107,12
27890,69.32352941,15.6,1,1049088,0,0,0,0,1,0,0,0,0,0,35,176,16,6,2,5,1,112,12
56990,60.0,15.6,1,2073600,0,0,0,0,0,0,1,0,0,0,232,28,28,1,2,5,1,94,12
73990,64.0,15.6,1,2073600,0,0,1,0,0,0,0,0,0,0,738,116,24,1,2,1,1,33,12
24999,69.32352941,15.6,1,1049088,0,0,0,0,1,0,0,0,0,0,59,85,17,6,2,5,1,80,2
33999,69.32352941,15.6,1,2073600,0,0,0,0,1,0,0,0,0,0,54,97,19,6,2,2,1,73,11
61990,63.0,16.0,1,2304000,0,0,0,0,0,0,1,0,0,0,276,40,22,1,8,5,1,126,12
47990,62.0,15.6,1,2073600,0,0,0,0,1,0,0,0,0,0,660,100,19,6,2,5,1,17,12
53990,66.0,15.6,1,2073600,0,0,1,0,0,0,0,0,0,0,532,19,19,6,2,5,1,31,12
31890,69.32352941,15.6,1,2073600,0,0,0,0,1,0,0,0,0,0,18,85,17,6,2,5,1,80,12
62390,63.0,15.6,1,2073600,0,0,1,0,0,0,0,0,0,0,742,100,19,1,2,5,1,29,12
49990,69.32352941,14.0,1,2073600,0,0,0,0,0,0,0,0,1,0,414,28,28,1,5,5,1,98,12
29990,69.32352941,15.6,1,2073600,0,0,0,0,0,0,0,0,1,0,415,17,28,6,5,2,1,98,12
49990,69.32352941,14.0,1,2073600,0,0,0,0,0,1,0,0,0,0,210,45,1,1,6,5,1,111,12
43490,69.32352941,14.0,1,2073600,0,0,0,1,0,0,0,0,0,0,764,55,15,6,2,5,1,126,12
95640,60.0,14.0,1,2304000,0,0,0,1,0,0,0,0,0,0,333,58,1,1,8,1,1,123,12
125990,80.0,16.0,1,2073600,0,0,0,0,1,0,0,0,0,0,431,139,24,1,4,1,1,63,12
72990,63.0,15.6,1,2073600,0,0,0,0,1,0,0,0,0,0,454,58,1,1,2,1,1,107,12
47990,69.0,15.6,2,2073600,0,0,0,0,0,0,0,1,0,0,559,19,19,6,2,5,1,31,12
99999,71.0,15.6,1,2073600,0,0,0,0,1,0,0,0,0,0,624,63,6,1,2,5,1,53,12
40990,69.32352941,15.6,1,2073600,0,0,1,0,0,0,0,0,0,0,694,34,18,6,2,5,1,95,12
94990,75.0,14.0,1,9216000,0,0,1,0,0,0,0,0,0,0,805,51,8,1,8,5,1,111,12
37990,69.32352941,15.6,1,2073600,0,0,1,0,0,0,0,0,0,0,669,33,17,6,2,5,1,126,12
73990,69.0,15.6,1,2073600,0,0,0,0,0,0,1,0,0,0,349,40,22,1,4,5,1,31,12
109990,75.0,15.6,1,2073600,0,0,0,0,0,0,1,0,0,0,347,139,24,1,4,5,1,63,12
65999,65.0,15.6,1,2073600,1,0,0,0,0,0,0,0,0,0,409,40,22,6,2,5,1,33,12
35990,69.32352941,15.6,1,2073600,1,0,0,0,0,0,0,0,0,0,103,104,19,6,2,5,1,69,12
37980,69.32352941,15.6,1,2073600,0,0,1,0,0,0,0,0,0,0,693,34,18,6,2,5,1,95,12
40789,63.0,15.6,1,2073600,0,0,0,0,0,0,0,1,0,0,398,27,28,1,2,5,1,111,12
450039,83.0,18.0,1,5760000,0,0,0,1,0,0,0,0,0,0,64,79,14,5,8,1,1,7,12
89990,75.0,14.0,1,5184000,0,0,1,0,0,0,0,0,0,0,678,49,2,1,2,1,1,31,12
56990,60.0,15.6,1,2073600,1,0,0,0,0,0,0,0,0,0,81,58,1,1,8,5,1,40,12
16990,69.32352941,14.1,1,2073600,0,0,0,0,0,0,0,0,1,0,401,171,16,4,2,0,1,115,12
54990,63.0,14.0,1,5184000,1,0,0,0,0,0,0,0,0,0,519,42,6,6,8,5,1,111,12
67000,60.0,14.0,1,2304000,0,0,0,1,0,0,0,0,0,0,290,58,1,6,8,1,1,123,12
34499,69.32352941,15.6,1,2073600,0,0,0,0,0,0,1,0,0,0,564,127,28,6,2,5,1,79,3
107763,71.0,14.0,1,5184000,0,0,0,0,1,0,0,0,0,0,468,73,8,1,2,5,1,111,12
61490,69.32352941,14.0,1,2304000,0,0,0,1,0,0,0,0,0,0,332,56,18,6,8,1,1,126,12
80490,69.0,14.0,1,3136000,0,0,0,0,1,0,0,0,0,0,467,59,6,1,2,5,1,123,12
57990,69.0,15.6,1,2073600,0,0,0,0,0,0,1,0,0,0,287,132,19,1,4,5,1,31,12
39990,62.0,14.0,1,2073600,0,0,0,0,0,0,0,1,0,0,393,27,28,1,2,5,1,111,12
53990,64.0,14.0,1,2073600,0,0,0,0,0,0,1,0,0,0,285,34,18,6,5,5,1,112,12
44500,69.32352941,15.6,1,2073600,0,0,0,1,0,0,0,0,0,0,314,144,28,6,8,5,1,80,12
48999,60.0,14.0,1,2073600,0,0,0,0,1,0,0,0,0,0,4,129,28,1,8,5,1,79,12
116990,70.0,15.6,1,2073600,0,0,0,0,1,0,0,0,0,0,148,66,1,1,8,1,1,118,12
30990,69.32352941,15.6,1,2073600,1,0,0,0,0,0,0,0,0,0,78,126,28,6,4,5,1,79,12
33790,69.32352941,15.6,1,2073600,0,0,0,0,0,0,1,0,0,0,271,126,28,6,8,5,1,75,12
51990,72.0,15.6,2,2073600,0,0,0,0,0,0,0,1,0,0,557,19,19,1,2,5,1,32,12
45990,69.32352941,15.6,1,2073600,0,0,1,0,0,0,0,0,0,0,695,37,1,6,2,5,1,94,12
51990,70.0,15.6,2,2073600,0,0,0,0,0,0,0,1,0,0,553,19,19,6,2,5,1,34,12
34099,69.32352941,15.6,1,2073600,0,0,0,0,0,0,1,0,0,0,611,34,18,6,2,5,1,112,3
65600,66.0,15.6,1,2073600,0,0,0,0,1,0,0,0,0,0,451,135,24,1,2,5,1,88,12
27990,69.32352941,15.6,1,2073600,0,0,0,0,0,0,1,0,0,0,615,126,28,6,8,5,1,80,3
46990,69.32352941,14.0,1,2073600,0,0,0,0,0,0,1,0,0,0,601,37,1,6,2,5,1,112,12
161590,78.0,16.0,1,4096000,0,0,0,1,0,0,0,0,0,0,811,71,7,1,4,1,1,63,12
98990,69.32352941,14.0,1,2304000,0,0,0,1,0,0,0,0,0,0,335,66,1,1,8,5,1,123,12
172990,79.0,16.0,1,4096000,0,0,0,0,0,0,1,0,0,0,359,73,8,3,4,1,1,7,12
25990,69.32352941,14.0,1,2073600,1,0,0,0,0,0,0,0,0,0,442,15,17,6,2,2,1,123,12
61990,66.0,15.6,1,2073600,0,0,0,0,1,0,0,0,0,0,644,105,19,1,2,5,1,33,12
76990,64.0,14.0,1,5184000,0,0,1,0,0,0,0,0,0,0,803,116,24,1,6,1,1,79,12
126790,73.0,15.6,1,2073600,0,0,0,1,0,0,0,0,0,0,169,71,7,1,4,5,1,53,12
209990,73.0,13.4,1,4096000,0,0,1,0,0,0,0,0,0,0,495,75,8,1,8,1,1,63,12
209990,79.0,16.0,1,4096000,0,0,1,0,0,0,0,0,0,0,497,79,14,1,4,1,1,64,12
142990,78.0,16.0,1,2304000,0,0,1,0,0,0,0,0,0,0,500,71,7,1,4,1,1,53,12
156990,84.0,15.6,1,4665600,0,0,1,0,0,0,0,0,0,0,745,75,8,1,4,1,1,53,12
93980,70.0,14.0,1,5184000,0,0,1,0,0,0,0,0,0,0,679,63,6,1,2,5,1,43,12
53990,64.0,17.3,1,2073600,0,0,1,0,0,0,0,0,0,0,545,25,19,6,2,5,1,31,12
51990,69.32352941,15.6,1,2073600,0,0,0,0,1,0,0,0,0,0,43,37,1,6,2,5,1,105,12
35990,69.32352941,15.6,1,2073600,0,0,1,0,0,0,0,0,0,0,671,33,17,1,2,5,1,126,12
37990,69.32352941,15.6,1,2073600,0,0,0,0,1,0,0,0,0,0,44,34,18,6,2,5,1,112,12
46490,69.32352941,15.6,1,2073600,0,0,0,0,1,0,0,0,0,0,15,129,28,1,8,5,1,79,12
90490,69.0,15.6,1,2073600,0,0,0,0,1,0,0,0,0,0,10,68,6,1,2,1,1,105,12
55990,67.0,15.6,1,2073600,0,0,0,0,1,0,0,0,0,0,640,101,19,6,2,5,1,27,12
159990,88.0,16.0,1,6400000,0,0,1,0,0,0,0,0,0,0,749,75,8,1,4,1,1,53,12
57990,69.32352941,15.6,1,2073600,0,0,0,0,1,0,0,0,0,0,16,58,1,6,2,5,1,105,12
104990,66.0,16.0,1,4096000,1,0,0,0,0,0,0,0,0,0,478,74,10,1,8,5,1,53,12
99990,70.0,16.0,1,2304000,1,0,0,0,0,0,0,0,0,0,477,65,8,1,4,5,1,53,12
80500,69.0,15.6,2,2073600,0,0,0,0,0,0,0,1,0,0,139,40,22,1,4,5,1,46,12
37990,69.32352941,14.0,1,2073600,0,0,0,1,0,0,0,0,0,0,762,104,19,6,2,5,1,80,12
34250,69.32352941,15.6,1,2073600,0,0,0,0,1,0,0,0,0,0,12,126,28,6,8,5,1,79,12
109990,71.0,15.6,1,2073600,0,0,0,0,1,0,0,0,0,0,634,73,8,1,2,5,1,53,12
33990,69.32352941,15.6,1,1049088,0,0,0,0,1,0,0,0,0,0,34,16,17,6,2,5,1,115,12
79990,64.0,13.3,1,5184000,0,0,1,0,0,0,0,0,0,0,806,58,1,1,8,5,1,107,12
64990,62.0,15.6,1,2073600,0,0,1,0,0,0,0,0,0,0,680,63,6,1,2,5,1,96,12
109990,71.0,15.6,1,4665600,0,0,1,0,0,0,0,0,0,0,757,75,8,1,8,1,1,111,12
62990,72.0,15.6,1,2073600,0,0,0,0,0,0,0,1,0,0,110,114,24,1,2,5,1,21,12
58999,65.0,14.0,1,2304000,0,0,0,0,0,0,0,0,1,0,388,59,6,1,6,5,1,123,12
420000,69.32352941,17.3,2,8294400,0,0,0,0,0,0,0,1,0,0,591,79,14,5,4,3,1,3,12
23990,69.32352941,14.0,1,2073600,0,0,0,0,0,0,1,0,0,0,143,84,16,6,2,2,1,80,12
42999,69.32352941,15.6,1,2073600,0,0,0,0,1,0,0,0,0,0,14,129,28,6,8,5,1,79,12
38861,69.32352941,15.6,1,2073600,0,0,0,0,1,0,0,0,0,0,28,104,19,6,2,5,1,79,12
33590,69.32352941,15.6,1,2073600,0,0,0,0,0,0,1,0,0,0,608,34,18,6,2,5,1,112,12
15990,69.32352941,15.6,1,1049088,0,0,0,0,1,0,0,0,0,0,124,173,16,4,7,0,0,115,1
33980,69.32352941,14.0,1,2073600,0,0,1,0,0,0,0,0,0,0,723,126,28,6,8,5,1,79,12
78400,71.0,15.6,1,2073600,1,0,0,0,0,0,0,0,0,0,407,132,19,6,4,5,1,33,12
79990,72.0,15.6,1,2073600,0,0,1,0,0,0,0,0,0,0,737,114,24,1,2,5,1,33,12
47990,67.0,15.6,1,2073600,1,0,0,0,0,0,0,0,0,0,94,37,1,0,2,5,1,122,12
74990,68.0,15.6,1,2073600,0,0,1,0,0,0,0,0,0,0,735,100,19,1,2,5,1,33,12
45889,69.32352941,15.6,1,2073600,0,0,0,0,0,0,0,1,0,0,400,58,1,6,2,5,1,111,12
90990,70.0,14.0,1,5184000,0,0,1,0,0,0,0,0,0,0,801,135,24,1,6,5,1,79,12
50990,69.32352941,15.6,1,2073600,0,0,1,0,0,0,0,0,0,0,732,129,28,6,8,5,1,79,12
74990,69.32352941,15.6,1,2073600,0,0,0,0,0,0,0,0,0,1,183,58,1,1,7,5,1,123,12
25990,69.32352941,15.6,1,2073600,0,0,0,0,0,1,0,0,0,0,216,1,17,6,6,5,1,112,12
133990,68.0,13.3,1,2073600,0,0,0,0,0,0,0,0,0,1,180,66,1,1,7,1,1,123,12
165990,73.0,16.0,1,5184000,0,0,0,0,0,0,0,0,0,1,191,68,6,1,8,1,1,123,12
163990,80.0,16.0,1,5184000,0,0,0,0,0,0,0,0,0,1,187,68,6,1,4,5,1,123,12
109990,66.0,13.3,1,2073600,0,0,0,0,0,0,0,0,0,1,179,66,1,1,7,5,1,123,12
139990,71.0,14.0,1,5184000,0,0,0,0,0,0,0,0,0,1,186,68,6,1,8,5,1,123,12
109990,66.0,13.3,1,2073600,0,0,0,0,0,0,0,0,0,1,178,58,1,1,7,5,1,123,12
149990,72.0,16.0,1,5184000,0,0,0,0,0,0,0,0,0,1,190,68,6,1,8,5,1,123,12
179990,81.0,16.0,1,5184000,0,0,0,0,0,0,0,0,0,1,189,68,6,1,4,1,1,123,12
155990,74.0,16.0,1,5184000,0,0,0,0,0,0,0,0,0,1,188,59,6,1,8,5,1,123,12
229900,78.0,16.0,1,5184000,0,0,0,0,0,0,0,0,0,1,192,75,8,3,8,5,1,132,12
35990,61.0,15.6,1,2073600,0,0,0,0,0,0,1,0,0,0,618,104,19,6,2,5,1,80,12
37990,60.0,15.6,1,2073600,0,0,0,0,1,0,0,0,0,0,33,15,17,6,2,5,1,126,12
34999,60.0,14.0,1,2073600,0,0,0,0,1,0,0,0,0,0,5,15,17,6,2,5,1,112,12
290990,61.0,14.2,1,5939136,0,1,0,0,0,0,0,0,0,0,380,166,5,3,11,1,1,14,7
234990,69.32352941,14.2,1,5939136,0,1,0,0,0,0,0,0,0,0,380,167,5,1,11,1,1,9,7
82799,70.0,14.0,1,5184000,0,0,0,0,1,0,0,0,0,0,466,42,6,1,2,5,1,111,12
31790,60.0,14.0,1,2073600,0,0,0,1,0,0,0,0,0,0,761,93,28,6,2,2,1,79,12
60990,67.0,15.6,1,2073600,0,0,0,0,0,0,1,0,0,0,243,111,24,6,2,5,1,33,12
86990,77.0,15.6,1,2073600,0,0,0,0,0,0,0,1,0,0,561,40,22,1,2,1,0,63,12
52990,63.0,14.0,1,2073600,0,0,0,1,0,0,0,0,0,0,760,23,28,1,2,5,1,98,12
38990,69.32352941,14.0,1,2073600,0,0,0,1,0,0,0,0,0,0,762,104,19,6,2,5,1,80,12
52558,60.0,15.6,1,2073600,0,0,1,0,0,0,0,0,0,0,734,129,28,1,8,5,1,79,12
31990,69.32352941,14.0,1,2073600,0,0,1,0,0,0,0,0,0,0,663,15,17,6,2,5,1,108,12
34499,69.32352941,15.6,1,2073600,0,0,0,0,1,0,0,0,0,0,12,126,28,6,8,5,1,79,12
94490,75.0,14.0,1,5184000,0,0,1,0,0,0,0,0,0,0,802,59,6,1,8,5,1,123,12
33800,69.32352941,15.6,1,1049088,0,0,0,0,1,0,0,0,0,0,34,16,17,6,2,5,1,115,12
74390,69.32352941,15.6,1,2073600,0,0,0,0,0,0,0,0,0,1,177,58,1,1,7,5,1,123,12
104490,71.0,14.0,1,5184000,0,0,1,0,0,0,0,0,0,0,800,59,6,1,8,5,1,0,12
105739,71.0,15.6,1,4665600,0,0,1,0,0,0,0,0,0,0,757,75,8,1,8,1,1,111,12
45500,66.0,15.6,1,2073600,0,0,0,0,0,0,1,0,0,0,583,34,18,6,2,5,1,126,12
50760,69.32352941,15.6,1,2073600,0,0,1,0,0,0,0,0,0,0,733,129,28,1,8,5,1,79,12
49990,69.32352941,14.0,1,2073600,0,0,1,0,0,0,0,0,0,0,726,129,28,1,8,5,1,79,12
33199,69.32352941,14.0,1,2073600,0,0,1,0,0,0,0,0,0,0,723,126,28,6,8,5,1,79,12
70990,72.0,15.6,1,2073600,0,0,1,0,0,0,0,0,0,0,737,114,24,1,2,5,1,33,12
64990,71.0,15.6,1,2073600,1,0,0,0,0,0,0,0,0,0,407,132,19,6,4,5,1,33,12
59990,64.0,16.0,1,2304000,0,0,1,0,0,0,0,0,0,0,702,131,19,1,2,5,1,79,12
88990,70.0,14.0,1,5184000,0,0,1,0,0,0,0,0,0,0,801,135,24,1,6,5,1,79,12
44990,69.32352941,15.6,1,2073600,0,0,1,0,0,0,0,0,0,0,730,129,28,6,8,5,1,79,12
77990,69.0,13.3,1,2304000,0,0,0,0,1,0,0,0,0,0,465,137,24,1,8,1,1,79,12
70990,65.0,16.0,1,2304000,0,0,1,0,0,0,0,0,0,0,703,135,24,1,2,5,1,79,12
55990,70.0,15.6,1,2073600,0,0,0,0,0,0,1,0,0,0,217,105,19,6,2,5,1,27,12
43999,66.0,15.6,1,2073600,0,0,0,0,0,0,0,0,1,0,390,27,28,1,5,5,1,126,12
37990,69.32352941,15.6,1,2073600,1,0,0,0,0,0,0,0,0,0,72,129,28,6,8,5,1,81,12
64990,67.0,15.6,1,2073600,0,0,0,0,1,0,0,0,0,0,638,105,19,1,2,5,1,33,12
32990,69.32352941,15.6,1,2073600,0,0,0,0,0,0,1,0,0,0,263,159,28,6,8,5,1,80,12
179490,81.0,16.0,1,5184000,0,0,0,0,0,0,0,0,0,1,189,68,6,1,4,1,1,123,12
56990,60.0,15.6,1,2073600,0,0,0,0,0,1,0,0,0,0,807,42,6,1,8,5,1,111,13
56990,71.0,16.1,1,2073600,0,0,0,0,1,0,0,0,0,0,657,26,19,6,2,5,1,27,12
34990,69.32352941,15.6,1,2073600,0,0,1,0,0,0,0,0,0,0,670,33,17,6,2,5,1,126,12
83249,70.0,14.0,1,5184000,0,0,0,0,1,0,0,0,0,0,466,42,6,1,2,5,1,111,12
57990,60.0,14.0,1,2073600,0,0,0,1,0,0,0,0,0,0,760,37,1,1,2,5,1,126,12
85490,71.0,13.4,1,2304000,0,0,0,0,1,0,0,0,0,0,149,36,4,1,6,5,1,111,12
55890,69.32352941,15.6,1,2073600,0,0,0,1,0,0,0,0,0,0,766,37,1,6,2,5,1,123,12
40689,69.32352941,15.6,1,2073600,0,0,1,0,0,0,0,0,0,0,686,35,1,6,2,5,1,126,12
48990,65.0,15.6,1,2073600,1,0,0,0,0,0,0,0,0,0,85,37,1,1,2,5,1,122,12
66648,64.0,14.0,1,2073600,0,0,0,0,1,0,0,0,0,0,445,37,1,1,2,5,1,115,12
36990,69.32352941,15.6,1,2073600,1,0,0,0,0,0,0,0,0,0,86,34,18,6,2,5,1,112,12
74990,73.0,15.6,2,2073600,0,0,0,0,0,0,0,0,1,0,170,42,6,1,2,5,1,52,12
144990,69.32352941,16.0,1,4096000,0,0,0,0,0,0,1,0,0,0,361,51,8,3,4,1,1,62,12
118499,69.32352941,14.0,3,2073600,0,0,0,1,0,0,0,0,0,0,357,31,28,1,2,5,1,123,10
35490,69.32352941,15.6,1,2073600,0,0,0,0,0,0,1,0,0,0,603,104,19,6,2,5,1,80,12
62889,74.0,14.0,1,2304000,0,0,0,0,0,0,1,0,0,0,237,113,24,1,2,5,1,72,12
63999,67.0,15.6,1,2073600,0,0,0,0,0,0,1,0,0,0,255,100,19,6,2,5,1,27,12
41990,69.32352941,14.0,1,2073600,0,0,0,0,0,0,0,0,1,0,386,97,19,6,2,5,1,72,12
49990,62.0,14.0,1,2073600,0,0,1,0,0,0,0,0,0,0,662,35,1,6,2,5,1,112,12
54990,62.0,14.0,1,2073600,0,0,1,0,0,0,0,0,0,0,661,37,1,6,2,5,1,112,12
119990,75.0,16.0,1,2304000,0,0,0,0,0,0,1,0,0,0,258,51,8,1,2,5,1,52,12
85990,78.0,16.0,2,4249600,0,0,0,0,0,0,0,1,0,0,133,51,8,1,2,5,1,37,12
85590,79.0,16.0,2,4249600,0,0,0,0,0,0,0,1,0,0,135,51,8,1,2,1,1,38,12
31990,61.0,15.6,1,2073600,0,0,0,0,0,0,1,0,0,0,605,94,28,6,2,5,1,80,12
55800,69.32352941,14.0,1,2304000,0,0,1,0,0,0,0,0,0,0,750,100,19,1,2,5,1,80,12
72422,68.0,14.0,1,4096000,0,0,0,0,0,0,0,0,1,0,413,41,23,1,8,5,1,126,12
31500,69.32352941,15.6,1,2073600,1,0,0,0,0,0,0,0,0,0,158,15,17,6,2,5,1,112,12
37990,69.32352941,14.0,1,2073600,0,0,1,0,0,0,0,0,0,0,664,15,17,6,2,5,1,108,12
63490,71.0,15.6,1,2073600,0,0,0,0,1,0,0,0,0,0,637,101,19,6,2,5,1,33,12
60990,66.0,15.6,1,2073600,0,0,0,0,0,0,1,0,0,0,277,37,1,1,2,5,1,123,12
39900,64.0,15.6,1,2073600,0,0,0,0,0,0,1,0,0,0,268,97,19,6,2,5,1,72,12
33990,69.32352941,15.6,1,2073600,0,0,1,0,0,0,0,0,0,0,668,33,17,6,2,5,1,126,12
57580,69.32352941,15.6,1,2073600,0,0,0,0,1,0,0,0,0,0,463,37,1,1,2,5,1,123,12
339990,85.0,16.0,1,4096000,0,0,1,0,0,0,0,0,0,0,504,125,24,3,4,3,1,6,12
34999,60.0,15.6,1,2073600,0,0,0,0,1,0,0,0,0,0,32,15,17,6,2,5,1,112,12
54990,61.0,15.6,1,2073600,0,0,0,0,1,0,0,0,0,0,39,37,1,6,2,5,1,121,12
35999,60.0,15.6,1,2073600,0,0,0,0,1,0,0,0,0,0,23,15,17,6,2,1,0,126,12
41710,65.0,15.6,1,2073600,0,0,0,0,1,0,0,0,0,0,24,15,17,6,2,1,0,112,12
50090,67.0,16.0,1,2304000,0,0,0,1,0,0,0,0,0,0,771,107,19,6,2,5,1,80,12
45890,69.32352941,14.0,1,2073600,0,0,0,0,1,0,0,0,0,0,450,98,19,1,2,5,1,80,12
29990,69.32352941,15.6,1,1049088,0,0,0,0,1,0,0,0,0,0,25,84,16,6,2,5,1,80,12
37672,69.32352941,15.6,1,2073600,0,0,0,0,1,0,0,0,0,0,20,15,17,6,2,5,1,126,12
83523,77.0,15.6,1,2073600,0,0,0,1,0,0,0,0,0,0,163,120,24,1,4,5,1,33,12
52128,66.0,15.6,1,2073600,1,0,0,0,0,0,0,0,0,0,87,39,6,6,2,5,1,31,12
39990,69.32352941,15.6,1,2073600,1,0,0,0,0,0,0,0,0,0,76,37,1,6,2,5,1,124,12
54790,66.0,15.6,1,2073600,0,0,0,1,0,0,0,0,0,0,306,112,24,6,2,5,1,83,12
147090,86.0,16.0,1,4096000,1,0,0,0,0,0,0,0,0,0,482,51,8,3,8,3,1,60,12
67990,61.0,14.0,1,2073600,0,0,0,0,1,0,0,0,0,0,447,37,1,1,2,5,1,123,12
49290,70.0,15.6,2,2073600,0,0,0,0,0,0,0,1,0,0,551,25,19,6,2,5,1,42,10
51990,62.0,15.6,1,2073600,0,0,1,0,0,0,0,0,0,0,543,5,28,6,2,5,1,27,11
83149,64.0,14.0,1,2073600,0,0,0,0,1,0,0,0,0,0,446,45,1,1,2,1,1,123,12
54999,69.32352941,15.6,1,2073600,0,0,0,0,1,0,0,0,0,0,460,37,1,6,2,5,1,121,12
74990,65.0,15.6,1,2073600,0,0,0,0,0,0,0,0,0,1,194,45,1,1,5,5,1,123,12
66990,67.0,15.6,1,2073600,0,0,0,0,0,0,1,0,0,0,254,111,24,1,2,5,1,33,12
61990,62.0,15.6,1,2073600,0,0,0,0,1,0,0,0,0,0,452,39,6,6,2,5,1,121,12
51573,69.32352941,14.0,1,2073600,0,0,0,0,1,0,0,0,0,0,449,108,19,6,2,5,1,80,12
31500,69.32352941,15.6,1,2073600,1,0,0,0,0,0,0,0,0,0,75,15,17,6,2,2,1,112,13
29000,69.32352941,15.6,1,2073600,1,0,0,0,0,0,0,0,0,0,160,15,17,4,2,2,1,112,12
32990,69.32352941,15.6,1,2073600,0,0,0,0,1,0,0,0,0,0,27,92,28,6,2,5,1,79,13
36990,69.32352941,15.6,1,2073600,0,0,0,0,0,0,1,0,0,0,283,97,19,6,2,5,1,72,12
239900,69.32352941,14.2,1,5939136,0,1,0,0,0,0,0,0,0,0,381,163,3,1,11,1,1,5,7
309490,60.0,16.2,1,7720704,0,1,0,0,0,0,0,0,0,0,384,162,0,3,11,1,1,15,7
49990,69.32352941,15.6,1,2073600,0,0,0,1,0,0,0,0,0,0,297,23,28,6,2,5,1,123,9
40250,69.32352941,15.6,1,2073600,0,0,0,1,0,0,0,0,0,0,297,15,17,6,2,1,0,102,10
59990,72.0,15.6,1,2073600,0,0,1,0,0,0,0,0,0,0,674,12,24,1,2,5,1,27,10
57990,65.0,15.6,1,2073600,0,0,0,1,0,0,0,0,0,0,297,23,28,6,2,1,0,11,10
36999,69.32352941,14.0,1,3110400,0,0,0,0,0,0,0,0,1,0,109,16,17,6,7,2,1,126,10
53990,67.0,15.6,1,6400000,0,0,0,0,0,0,0,0,1,0,511,101,19,1,2,5,1,80,9
48990,62.0,14.0,1,4096000,0,0,0,0,0,0,0,0,1,0,510,98,19,1,2,5,1,80,9
39990,69.32352941,14.0,2,2073600,0,0,0,0,0,0,0,0,1,0,514,23,28,6,2,5,1,123,10
37290,61.0,15.6,1,2073600,0,0,0,0,1,0,0,0,0,0,22,85,17,6,2,1,0,84,10
60390,69.32352941,15.0,1,4153344,0,0,0,0,0,0,0,0,1,0,518,87,28,6,2,0,1,89,10
54999,65.0,15.6,1,2073600,0,0,0,0,0,0,0,0,1,0,389,89,28,6,2,2,1,10,10
90464,69.32352941,14.0,3,2073600,0,0,0,0,1,0,0,0,0,0,146,151,28,6,2,5,1,97,10
54490,61.0,14.0,1,2073600,1,0,0,0,0,0,0,0,0,0,524,150,28,6,1,5,1,114,10
199900,69.32352941,13.3,1,4096000,0,1,0,0,0,0,0,0,0,0,385,168,26,6,1,5,1,117,6
89999,62.0,13.3,1,2073600,0,0,0,1,0,0,0,0,0,0,353,23,28,6,2,2,1,126,9
260000,62.0,14.1,1,4096000,0,0,0,1,0,0,0,0,0,0,358,50,1,3,8,1,1,123,13
45999,64.0,15.6,1,2073600,1,0,0,0,0,0,0,0,0,0,100,27,28,1,2,1,1,123,12
106990,69.0,16.0,3,2304000,0,0,0,0,0,0,1,0,0,0,589,46,6,1,2,1,1,126,12
221990,64.0,14.0,1,2304000,0,0,0,0,0,0,1,0,0,0,575,66,1,1,8,1,1,123,12
146990,86.0,16.0,1,4096000,1,0,0,0,0,0,0,0,0,0,482,51,8,3,8,3,1,60,12
52990,62.0,15.6,1,2073600,0,0,1,0,0,0,0,0,0,0,543,5,28,6,2,5,1,27,11
59990,69.32352941,14.0,1,3686400,1,0,0,0,0,0,0,0,0,0,520,39,6,6,6,5,1,111,12
52990,69.32352941,15.6,1,2073600,0,0,0,1,0,0,0,0,0,0,291,23,28,6,2,5,1,115,11
64490,69.32352941,15.6,1,2073600,0,0,0,0,0,0,0,0,0,1,194,37,1,1,6,5,1,111,12
78990,62.0,15.6,1,2073600,0,0,0,0,0,0,0,0,0,1,195,39,6,6,7,5,1,24,12
59900,69.32352941,15.6,1,2073600,0,0,0,0,0,0,0,0,0,1,194,38,4,6,5,5,1,123,12
55990,69.32352941,14.0,1,2073600,0,0,0,0,1,0,0,0,0,0,443,102,19,1,2,5,1,79,12
19990,69.32352941,15.6,1,2073600,0,0,0,0,0,0,1,0,0,0,619,172,16,4,2,2,1,112,3
47990,63.0,14.0,1,3110400,0,0,0,0,0,0,0,0,1,0,108,22,28,1,6,5,1,123,12
112990,72.0,13.3,1,2073600,0,0,0,0,0,0,0,0,0,1,199,47,24,1,8,5,1,123,12
101990,67.0,13.3,1,2073600,0,0,0,0,0,0,0,0,0,1,198,47,24,1,8,5,1,123,12
102990,71.0,13.3,1,2073600,0,0,0,0,0,0,0,0,0,1,199,39,6,1,8,5,1,123,12
33499,69.32352941,13.3,1,2073600,0,0,1,0,0,0,0,0,0,0,676,180,27,4,6,0,0,126,12
33999,69.32352941,15.6,1,2073600,0,0,0,0,1,0,0,0,0,0,27,92,28,6,2,5,1,79,13
215994,69.32352941,16.2,1,7720704,0,1,0,0,0,0,0,0,0,0,383,163,0,1,11,5,1,5,7
215994,69.32352941,14.2,1,5939136,0,1,0,0,0,0,0,0,0,0,381,163,3,1,11,1,1,5,7
26500,69.32352941,15.6,1,2073600,0,0,1,0,0,0,0,0,0,0,675,2,17,4,2,1,0,126,10
79990,65.0,15.6,1,7464960,0,0,0,0,0,0,0,0,1,0,391,21,28,1,7,5,1,123,9
68000,70.0,15.6,1,2073600,0,0,0,1,0,0,0,0,0,0,327,20,28,1,2,5,1,123,10
47925,60.0,15.6,1,2073600,0,0,0,0,0,0,1,0,0,0,227,23,28,6,2,5,1,111,10
59990,70.0,15.6,1,6400000,0,0,0,0,0,0,0,0,1,0,511,115,24,1,2,5,1,80,9
67800,69.32352941,14.0,1,1049088,0,0,0,1,0,0,0,0,0,0,354,4,28,6,2,5,1,100,8
60490,69.32352941,15.0,1,4153344,0,0,0,0,0,0,0,0,1,0,518,87,28,6,2,0,1,89,10
72999,69.32352941,13.3,0,4096000,0,1,0,0,0,0,0,0,0,0,376,0,28,6,6,2,1,116,4
109999,69.32352941,13.3,0,4096000,0,1,0,0,0,0,0,0,0,0,376,9,28,6,6,5,1,116,4
87990,67.0,13.3,1,2073600,0,0,0,1,0,0,0,0,0,0,317,152,28,6,2,2,1,23,10
121900,69.0,15.6,0,8294400,0,0,0,0,1,0,0,0,0,0,786,155,19,1,2,5,1,129,10
136490,69.32352941,15.6,1,8294400,0,0,1,0,0,0,0,0,0,0,799,153,19,1,2,1,1,41,10
143700,77.0,15.6,2,2073600,0,0,0,0,0,0,0,0,1,0,172,42,6,6,2,5,1,53,12
50490,69.32352941,15.6,1,2073600,0,0,0,0,1,0,0,0,0,0,29,110,24,1,2,5,1,72,12
71990,69.32352941,15.6,1,2073600,0,0,0,1,0,0,0,0,0,0,310,58,1,1,2,1,1,126,12
136899,75.0,15.6,1,2073600,0,0,0,1,0,0,0,0,0,0,164,71,7,1,4,1,1,53,12
62990,69.0,14.0,1,2304000,0,0,0,0,0,0,1,0,0,0,238,97,19,1,2,5,1,80,12
43990,69.32352941,14.0,1,2073600,0,0,1,0,0,0,0,0,0,0,728,129,28,6,8,5,1,79,12
33990,69.32352941,15.6,1,2073600,1,0,0,0,0,0,0,0,0,0,73,129,28,6,8,5,1,79,12
58990,65.0,15.6,1,2073600,0,0,1,0,0,0,0,0,0,0,698,131,19,1,2,1,1,123,12
154990,71.0,15.6,2,3686400,0,0,0,0,0,0,0,1,0,0,490,73,8,1,4,1,1,64,12
69990,64.0,15.6,2,2073600,0,0,0,0,0,0,0,1,0,0,517,31,28,1,2,1,1,121,10
50000,69.32352941,14.0,3,2073600,0,0,0,0,0,0,1,0,0,0,588,15,17,6,2,5,1,123,3
36990,69.32352941,15.6,1,2073600,0,0,0,0,0,0,1,0,0,0,616,130,28,6,4,5,1,80,12
76500,66.0,15.6,1,2073600,0,0,1,0,0,0,0,0,0,0,699,133,24,1,2,5,1,93,12
33990,69.32352941,15.6,1,2073600,0,0,0,0,0,0,1,0,0,0,224,34,18,6,2,2,1,127,12
32990,69.32352941,15.6,1,2073600,0,0,0,0,0,0,1,0,0,0,221,126,28,6,8,5,1,74,12
103221,69.0,16.0,1,2304000,0,0,1,0,0,0,0,0,0,0,717,63,6,1,2,5,1,54,12
89990,71.0,16.0,1,2304000,0,0,1,0,0,0,0,0,0,0,719,41,22,1,2,5,1,54,12
56990,69.0,15.6,1,2073600,0,0,0,0,0,0,1,0,0,0,252,22,28,6,2,5,1,32,12
44980,69.32352941,14.0,1,2073600,0,0,1,0,0,0,0,0,0,0,727,129,28,1,8,5,1,79,12
23990,69.32352941,14.0,1,2073600,0,0,1,0,0,0,0,0,0,0,729,169,16,6,2,2,1,112,13
76990,63.0,15.6,1,2073600,0,0,1,0,0,0,0,0,0,0,748,116,24,1,2,5,1,33,12
26920,69.32352941,14.0,1,2073600,1,0,0,0,0,0,0,0,0,0,126,176,16,6,6,6,1,112,1
14490,69.32352941,14.1,1,1049088,0,0,0,0,0,0,0,0,1,0,374,171,16,4,2,2,1,115,12
38990,69.32352941,15.6,1,2073600,0,0,0,1,0,0,0,0,0,0,301,15,17,6,2,5,1,126,12
52990,63.0,15.6,1,2073600,0,0,0,0,0,0,1,0,0,0,245,103,28,6,2,5,1,31,12
362999,88.0,17.3,1,3686400,0,0,0,0,1,0,0,0,0,0,433,76,14,3,4,1,1,8,11
64990,65.0,15.6,1,2073600,1,0,0,0,0,0,0,0,0,0,90,61,22,1,2,5,1,31,12
62990,64.0,15.6,1,2073600,1,0,0,0,0,0,0,0,0,0,412,61,22,1,4,5,1,31,12
18990,69.32352941,11.6,1,1049088,1,0,0,0,0,0,0,0,0,0,435,176,16,6,2,2,1,112,12
169999,78.0,16.1,1,4096000,0,0,0,0,1,0,0,0,0,0,421,74,10,1,4,5,1,53,12
189999,80.0,16.1,1,4096000,0,0,0,0,1,0,0,0,0,0,420,74,10,1,4,1,1,63,12
298999,88.0,16.1,1,4096000,0,0,0,0,1,0,0,0,0,0,423,76,14,3,4,3,1,64,12
99999,70.0,14.0,1,5184000,0,0,0,0,1,0,0,0,0,0,469,148,24,1,10,1,1,78,12
267999,85.0,17.3,1,3686400,0,0,0,0,1,0,0,0,0,0,432,74,10,1,4,1,1,3,12
108990,63.0,16.0,3,4096000,0,0,0,0,0,0,1,0,0,0,262,73,8,1,8,1,1,50,11
51990,69.0,15.6,1,2073600,0,0,0,0,0,0,1,0,0,0,251,22,28,6,2,5,1,27,12
62608,66.0,17.3,1,2073600,0,0,1,0,0,0,0,0,0,0,546,25,19,1,2,5,1,31,12
57999,67.0,15.6,1,2073600,1,0,0,0,0,0,0,0,0,0,89,39,6,6,2,5,1,31,12
62990,69.32352941,14.0,1,2073600,0,0,0,1,0,0,0,0,0,0,323,58,1,6,8,5,1,123,12
71990,69.32352941,14.0,2,2304000,0,0,0,0,0,0,1,0,0,0,278,61,22,1,8,5,1,94,12
297990,85.0,16.0,1,4096000,0,0,0,0,0,0,1,0,0,0,364,76,14,3,4,1,1,4,12
138490,78.0,16.0,1,4096000,0,0,0,0,0,0,1,0,0,0,370,70,2,1,4,1,1,63,12
103395,77.0,16.0,1,4096000,0,0,0,0,0,0,1,0,0,0,360,114,24,1,2,5,1,52,12
88990,66.0,16.0,3,4096000,0,0,0,0,0,0,1,0,0,0,234,124,24,1,8,5,1,33,11
419990,89.0,16.0,2,4096000,0,0,0,0,0,0,0,1,0,0,138,78,13,5,4,3,1,67,12
87990,65.0,14.0,1,2304000,0,0,0,0,0,0,1,0,0,0,235,66,1,1,6,5,1,111,12
48990,62.0,15.6,1,2073600,0,0,0,0,0,0,1,0,0,0,269,37,1,6,2,5,1,123,12
79990,70.0,15.6,1,2073600,0,0,0,0,0,0,0,1,0,0,111,136,24,1,4,5,1,22,12
33990,69.32352941,15.6,1,2073600,0,0,0,0,0,0,1,0,0,0,225,34,18,6,2,2,1,127,12
26990,69.32352941,14.0,1,1049088,0,0,0,0,1,0,0,0,0,0,6,176,16,6,2,5,1,126,12
13990,69.32352941,11.6,1,1310720,1,0,0,0,0,0,0,0,0,0,120,174,16,4,6,6,0,112,1
49990,65.0,14.0,1,2073600,1,0,0,0,0,0,0,0,0,0,592,28,28,1,2,1,1,111,12
59990,65.0,15.6,1,2073600,0,0,0,0,0,0,0,1,0,0,112,132,19,6,4,5,1,22,12
91990,71.0,15.6,1,2073600,0,0,1,0,0,0,0,0,0,0,496,120,24,1,4,1,1,39,12
95689,73.0,16.0,1,2304000,0,0,1,0,0,0,0,0,0,0,705,75,8,1,2,1,1,94,12
26732,69.32352941,14.0,1,1310720,1,0,0,0,0,0,0,0,0,0,125,174,16,6,6,0,1,112,1
89999,70.0,14.0,1,2073600,0,0,0,0,1,0,0,0,0,0,797,23,28,1,2,5,1,126,12
69990,62.0,14.0,1,2304000,0,0,1,0,0,0,0,0,0,0,753,114,24,1,2,1,1,80,12
65391,69.32352941,14.0,1,2304000,0,0,1,0,0,0,0,0,0,0,752,100,19,1,2,1,1,80,12
90000,69.32352941,14.0,1,2073600,0,0,0,0,0,0,1,0,0,0,590,90,24,1,2,5,1,80,10
38390,69.32352941,15.6,1,2073600,0,0,0,0,0,0,1,0,0,0,270,34,18,6,2,5,1,126,12
40990,69.32352941,15.6,1,2073600,0,0,0,0,0,0,1,0,0,0,222,129,28,6,8,5,1,74,12
50990,62.0,15.6,1,2073600,0,0,0,0,0,0,1,0,0,0,257,96,28,6,2,5,1,16,12
47990,69.32352941,15.6,1,2073600,0,0,0,1,0,0,0,0,0,0,766,23,28,6,2,5,1,126,12
59990,69.32352941,15.6,1,2073600,0,0,0,1,0,0,0,0,0,0,292,37,1,1,2,5,1,103,12
61990,69.32352941,15.6,1,2073600,0,0,0,1,0,0,0,0,0,0,769,58,1,6,2,5,1,104,12
31990,69.32352941,14.0,1,2073600,0,0,0,0,0,0,1,0,0,0,602,126,28,6,8,5,1,72,12
129990,82.0,16.0,2,2304000,0,0,0,0,0,0,0,1,0,0,134,73,8,3,4,1,1,53,12
49989,63.0,15.6,1,2073600,0,0,0,0,0,0,1,0,0,0,609,37,1,6,2,5,1,112,12
42990,69.32352941,15.6,1,2073600,0,0,0,1,0,0,0,0,0,0,768,104,19,6,2,5,1,80,12
259990,83.0,16.0,2,2304000,0,0,0,0,0,0,0,1,0,0,136,73,8,3,4,1,1,65,12
44690,69.32352941,15.6,1,2073600,0,0,0,0,0,0,1,0,0,0,273,55,15,6,8,5,1,126,12
61990,69.0,14.0,1,2304000,0,0,0,0,0,0,1,0,0,0,242,131,19,1,6,5,1,79,12
123300,75.0,16.0,1,2304000,0,0,0,0,1,0,0,0,0,0,788,45,1,1,4,1,1,123,12
74499,69.32352941,15.6,1,2073600,0,0,0,1,0,0,0,0,0,0,307,58,1,1,2,1,1,126,12
47990,65.0,15.6,1,2073600,0,0,0,0,0,0,1,0,0,0,250,22,28,6,2,5,1,29,12
85990,71.0,13.3,1,2304000,0,0,0,0,0,0,1,0,0,0,776,135,24,1,6,1,1,80,12
61990,63.0,14.0,1,2304000,0,0,0,0,0,0,1,0,0,0,239,113,24,1,2,5,1,72,12
21990,69.32352941,14.1,1,2073600,0,0,0,0,0,0,0,0,1,0,402,1,17,6,2,2,1,110,12
49990,67.0,15.6,1,2073600,0,0,0,0,1,0,0,0,0,0,648,101,19,6,2,5,1,19,12
112990,79.0,16.0,1,2304000,0,0,0,0,0,0,1,0,0,0,369,139,24,1,4,5,1,53,12
127990,83.0,16.0,1,4096000,0,0,0,0,0,0,1,0,0,0,366,139,24,1,4,5,1,63,12
91590,70.0,14.0,1,2073600,0,0,0,0,1,0,0,0,0,0,472,67,1,1,2,5,1,111,12
103060,71.0,15.6,1,2073600,0,0,0,0,1,0,0,0,0,0,632,63,6,1,2,5,1,53,12
39600,69.32352941,15.6,1,2073600,0,0,0,0,1,0,0,0,0,0,13,126,28,6,8,5,1,79,12
137590,83.0,16.0,1,4096000,0,0,0,0,0,0,1,0,0,0,367,139,24,1,4,5,1,63,12
53980,69.0,16.0,1,2073600,0,0,0,0,0,0,1,0,0,0,568,135,24,1,2,5,1,79,12
54990,60.0,14.0,1,2073600,1,0,0,0,0,0,0,0,0,0,522,128,19,1,6,5,1,80,12
28099,69.32352941,15.6,1,1049088,0,0,1,0,0,0,0,0,0,0,673,175,16,6,2,5,1,113,13
415000,67.0,17.0,1,4915200,0,0,0,0,1,0,0,0,0,0,515,44,1,1,8,1,1,123,12
64990,66.0,13.3,2,2073600,0,0,0,0,0,0,0,0,1,0,121,57,1,1,4,5,1,123,12
84990,69.0,13.3,2,2073600,0,0,0,0,0,0,0,0,1,0,122,66,1,1,4,1,1,123,12
52999,67.0,15.6,1,2073600,0,0,0,0,0,0,0,0,1,0,390,28,28,1,5,1,1,126,12
34999,63.0,15.6,1,2073600,0,0,0,0,0,0,0,0,1,0,390,15,17,6,5,5,1,126,12
65990,67.0,15.6,1,2073600,0,0,1,0,0,0,0,0,0,0,700,133,24,1,2,1,1,93,12
56990,67.0,15.6,1,2073600,0,0,0,0,1,0,0,0,0,0,652,132,19,6,4,5,1,31,12
88999,64.0,15.6,1,2073600,0,0,0,0,0,0,1,0,0,0,572,23,28,1,2,1,1,123,10
35990,69.32352941,15.6,1,2073600,0,0,0,0,0,0,1,0,0,0,284,15,17,6,2,5,1,126,12
111490,76.0,14.0,1,5184000,0,0,0,0,0,0,1,0,0,0,779,68,6,1,8,5,1,94,12
50990,69.32352941,15.6,1,1049088,0,0,0,0,1,0,0,0,0,0,52,37,1,6,2,5,1,123,12
89500,64.0,15.6,1,2073600,0,0,0,0,0,0,1,0,0,0,585,37,1,1,2,5,1,123,12
66388,62.0,14.0,1,2304000,0,0,0,0,0,0,1,0,0,0,288,131,19,1,2,5,1,80,12
66990,63.0,15.6,1,2073600,0,0,1,0,0,0,0,0,0,0,736,106,19,1,2,1,1,33,12
74990,64.0,15.6,1,2073600,0,0,1,0,0,0,0,0,0,0,738,116,24,1,2,1,1,33,12
26990,69.32352941,15.6,1,1049088,0,0,0,0,1,0,0,0,0,0,59,85,17,6,2,5,1,80,2
65990,69.32352941,15.6,1,2073600,0,0,0,1,0,0,0,0,0,0,9,58,1,6,2,1,1,112,12
87990,73.0,16.0,1,2304000,0,0,1,0,0,0,0,0,0,0,711,48,2,1,2,1,1,33,12
36480,69.32352941,15.6,1,2073600,0,0,0,1,0,0,0,0,0,0,302,15,17,6,2,5,1,126,12
63989,69.32352941,15.6,1,2073600,0,0,0,1,0,0,0,0,0,0,311,58,1,6,2,1,1,106,12
90990,64.0,15.6,1,2073600,0,0,1,0,0,0,0,0,0,0,536,52,12,1,4,1,1,33,11
104990,72.0,16.0,1,2304000,0,0,1,0,0,0,0,0,0,0,716,48,2,1,2,5,1,133,12
64800,69.32352941,14.0,1,1049088,0,0,0,0,1,0,0,0,0,0,48,37,1,6,2,5,1,102,3
27990,69.32352941,14.0,1,2073600,0,0,1,0,0,0,0,0,0,0,128,176,16,4,6,6,1,112,1
14990,69.32352941,14.0,1,2073600,0,0,1,0,0,0,0,0,0,0,127,176,16,4,6,0,1,112,1
22990,69.32352941,15.6,1,2073600,0,0,1,0,0,0,0,0,0,0,129,176,16,4,6,6,1,112,1
23990,69.32352941,15.6,1,2073600,0,0,1,0,0,0,0,0,0,0,130,176,16,4,6,0,1,112,1
42900,62.0,15.6,1,1049088,0,0,0,0,1,0,0,0,0,0,51,34,18,6,2,5,1,102,12
130000,71.0,16.0,0,2304000,0,0,0,0,0,0,0,0,1,0,173,70,2,1,4,5,1,63,12
94990,73.0,15.6,2,2073600,0,0,0,0,0,0,0,0,1,0,171,42,6,6,4,5,1,63,12
57990,60.0,15.6,1,2073600,0,0,0,0,0,0,1,0,0,0,565,110,24,1,2,5,1,79,12
104222,72.0,16.0,1,2304000,0,0,1,0,0,0,0,0,0,0,721,48,2,1,2,5,1,54,12
69990,65.0,14.0,2,2304000,0,0,0,0,0,0,0,0,1,0,596,58,1,1,8,5,1,123,12
63990,69.0,14.0,1,2304000,0,0,0,0,0,0,1,0,0,0,280,135,24,1,2,5,1,71,12
48990,69.32352941,15.6,1,2073600,0,0,0,0,0,0,1,0,0,0,272,129,28,6,8,5,1,75,12
46990,69.32352941,15.6,1,2073600,0,0,0,0,0,0,1,0,0,0,610,37,1,6,2,5,1,112,3
55990,69.0,15.6,1,2073600,0,0,0,0,1,0,0,0,0,0,651,146,19,6,4,5,1,31,12
66990,65.0,16.0,1,2304000,0,0,1,0,0,0,0,0,0,0,718,40,22,1,2,5,1,33,12
89990,70.0,16.0,1,2304000,0,0,1,0,0,0,0,0,0,0,720,40,22,1,2,5,1,54,12
62990,71.0,15.6,2,2073600,0,0,0,0,0,0,0,1,0,0,552,25,19,1,2,5,1,33,12
85990,76.0,15.6,2,2073600,0,0,0,0,0,0,0,1,0,0,338,48,2,1,4,5,1,50,12
47100,65.0,15.6,1,2073600,0,0,0,0,0,0,1,0,0,0,586,34,18,6,2,5,1,126,12
91990,76.0,14.0,1,5184000,0,0,0,0,0,0,1,0,0,0,781,137,24,1,4,5,1,80,12
67990,62.0,15.6,1,2073600,0,0,1,0,0,0,0,0,0,0,747,105,19,1,2,5,1,35,12
39990,63.0,14.0,1,1049088,1,0,0,0,0,0,0,0,0,0,527,104,19,1,2,5,1,79,12
36990,60.0,14.0,1,1049088,1,0,0,0,0,0,0,0,0,0,526,104,19,6,2,5,1,79,12
33990,69.32352941,14.0,1,2073600,0,0,1,0,0,0,0,0,0,0,725,126,28,6,8,5,1,79,12
43800,69.32352941,14.0,1,1049088,0,0,0,0,0,0,1,0,0,0,599,24,28,6,2,5,1,127,3
179490,78.0,16.1,1,3686400,0,0,0,0,1,0,0,0,0,0,429,143,24,3,4,1,1,64,12
164990,70.0,14.0,2,5184000,0,0,0,0,0,0,0,0,1,0,62,73,8,1,8,1,1,53,12
84990,69.32352941,14.0,1,2073600,0,0,0,1,0,0,0,0,0,0,321,66,1,1,8,1,1,123,12
104990,76.0,14.0,2,2304000,0,0,0,0,0,0,0,0,1,0,595,69,6,1,8,1,1,123,12
57990,69.0,15.6,1,2073600,0,0,1,0,0,0,0,0,0,0,542,19,19,1,2,5,1,31,12
58990,63.0,15.6,1,2073600,0,0,0,0,1,0,0,0,0,0,654,146,19,6,4,5,1,31,12
304990,78.0,15.6,1,2073600,0,0,0,1,0,0,0,0,0,0,68,53,8,3,8,1,1,60,12
33990,69.32352941,14.0,1,2073600,0,0,1,0,0,0,0,0,0,0,724,126,28,6,8,5,1,79,12
28990,69.32352941,14.1,1,2073600,0,0,0,0,0,0,0,0,1,0,145,8,28,6,2,5,1,110,12
39900,69.32352941,14.0,1,2304000,1,0,0,0,0,0,0,0,0,0,79,177,25,6,2,5,1,126,12
36490,60.0,15.6,1,2073600,0,0,0,0,0,0,1,0,0,0,229,15,17,6,2,5,1,112,12
87490,62.0,14.0,1,2304000,0,0,0,0,0,0,1,0,0,0,282,70,2,1,8,5,1,112,12
44990,69.32352941,15.6,1,2073600,0,0,0,1,0,0,0,0,0,0,308,55,15,6,2,1,1,112,12
107990,75.0,14.0,1,5184000,0,0,0,0,0,0,1,0,0,0,783,68,6,1,8,5,1,123,12
46900,69.32352941,15.6,1,2073600,0,0,0,1,0,0,0,0,0,0,313,144,28,6,8,1,1,80,12
98890,63.0,13.3,1,4096000,0,0,0,1,0,0,0,0,0,0,289,68,6,1,8,1,1,123,12
76990,69.32352941,14.0,1,2304000,0,0,0,1,0,0,0,0,0,0,334,58,1,6,8,1,1,123,12
86990,62.0,13.3,1,4096000,0,0,0,1,0,0,0,0,0,0,315,59,6,1,8,1,1,123,12
86990,60.0,14.0,1,2304000,0,0,0,1,0,0,0,0,0,0,333,58,1,1,8,1,1,123,12
58490,63.0,14.0,1,2073600,0,0,0,1,0,0,0,0,0,0,765,58,1,6,2,5,1,123,12
69199,71.0,15.6,1,2073600,0,0,0,0,1,0,0,0,0,0,626,105,19,1,2,5,1,33,12
45990,65.0,15.6,2,2073600,0,0,0,0,0,0,0,1,0,0,550,19,19,6,2,5,1,27,12
94990,77.0,15.6,2,2073600,0,0,0,0,0,0,0,1,0,0,562,48,2,1,2,5,1,63,12
97990,77.0,17.3,2,2073600,0,0,0,0,0,0,0,1,0,0,343,48,2,6,4,1,1,63,12
179990,83.0,17.3,2,2073600,0,0,0,0,0,0,0,1,0,0,491,75,8,1,4,1,1,64,12
125990,76.0,17.3,2,3686400,0,0,0,0,0,0,0,1,0,0,492,73,8,6,4,1,1,63,12
116463,71.0,15.6,1,2073600,0,0,0,0,1,0,0,0,0,0,624,63,6,1,2,5,1,53,12
109990,72.0,15.6,1,2073600,0,0,0,0,1,0,0,0,0,0,633,73,8,1,2,5,1,53,12
153625,75.0,16.1,1,2073600,0,0,0,0,1,0,0,0,0,0,426,65,8,1,4,5,1,53,12
270129,86.0,16.1,1,4096000,0,0,0,0,1,0,0,0,0,0,422,76,14,3,4,1,1,64,12
149990,83.0,15.6,2,3686400,0,0,0,0,0,0,0,0,1,0,70,42,6,1,4,1,1,64,11
58990,64.0,14.0,1,2304000,0,0,0,0,0,0,1,0,0,0,279,131,19,1,2,5,1,71,12
107190,67.0,13.3,1,5184000,0,0,0,0,1,0,0,0,0,0,150,44,1,1,6,5,1,111,12
32999,69.32352941,15.6,1,2073600,0,0,0,0,0,0,0,0,1,0,132,3,28,1,5,5,1,126,12
102090,72.0,16.1,1,2073600,0,0,0,0,1,0,0,0,0,0,424,61,22,1,4,5,1,53,12
231746,71.0,13.5,1,2457600,0,0,0,0,1,0,0,0,0,0,142,72,1,1,8,5,1,123,12
81990,72.0,16.0,1,2304000,0,0,1,0,0,0,0,0,0,0,710,48,2,1,2,5,1,33,12
36890,69.32352941,15.6,1,2073600,0,0,0,1,0,0,0,0,0,0,300,15,17,6,2,5,1,126,12
87990,71.0,15.6,1,2073600,0,0,0,0,0,0,1,0,0,0,351,40,22,1,4,5,1,53,12
77990,67.0,14.0,1,2073600,0,0,0,0,1,0,0,0,0,0,473,58,1,1,2,5,1,111,12
117574,80.0,15.6,2,2073600,0,0,0,0,0,0,0,0,1,0,69,42,6,6,4,5,1,63,12
97990,73.0,15.6,1,2073600,0,0,0,0,0,0,1,0,0,0,345,139,24,1,4,5,1,53,12
284990,89.0,16.0,2,4096000,0,0,0,0,0,0,0,1,0,0,622,79,14,3,4,1,1,3,12
344990,69.32352941,17.0,2,4096000,0,0,0,0,0,0,0,1,0,0,623,79,14,3,4,3,1,7,12
146599,77.0,16.1,1,2073600,0,0,0,0,1,0,0,0,0,0,428,74,10,1,4,1,1,63,12
44990,65.0,15.6,1,2073600,1,0,0,0,0,0,0,0,0,0,84,23,28,6,2,5,1,12,12
57990,67.0,14.0,1,2073600,0,0,0,0,0,0,1,0,0,0,281,131,19,1,2,5,1,80,12
128599,73.0,16.0,1,2073600,0,0,0,0,1,0,0,0,0,0,430,139,24,1,4,5,1,63,12
21990,69.32352941,15.6,1,2073600,0,0,1,0,0,0,0,0,0,0,731,183,16,4,2,2,1,95,12
151990,77.0,16.1,1,2073600,0,0,0,0,1,0,0,0,0,0,427,74,10,1,4,5,1,63,12
52990,62.0,15.6,1,2073600,0,0,0,0,0,1,0,0,0,0,206,32,28,1,6,1,1,111,12
119888,75.0,14.0,1,2073600,0,0,0,0,0,0,1,0,0,0,563,27,28,1,2,1,1,102,10
22990,69.32352941,15.6,1,2073600,0,0,0,0,1,0,0,0,0,0,55,82,16,4,2,2,1,70,12
76888,67.0,13.3,1,2304000,0,0,0,0,0,0,1,0,0,0,778,131,19,1,6,5,1,80,12
256990,85.0,15.6,1,7464960,0,0,0,1,0,0,0,0,0,0,773,73,8,1,4,1,1,55,12
83090,60.0,13.3,1,4096000,0,0,0,1,0,0,0,0,0,0,316,59,6,1,8,5,1,123,12
67999,65.0,15.6,1,2073600,0,0,0,1,0,0,0,0,0,0,326,22,28,1,2,5,1,12,12
96256,72.0,15.6,1,2073600,1,0,0,0,0,0,0,0,0,0,408,51,8,1,2,5,1,33,12
77990,63.0,14.0,1,2073600,0,0,0,0,0,0,0,1,0,0,485,39,6,1,8,5,1,111,12
323290,85.0,16.0,1,5760000,0,0,0,1,0,0,0,0,0,0,65,76,14,3,4,1,1,3,12
67990,65.0,14.0,1,2073600,0,0,0,1,0,0,0,0,0,0,319,118,24,1,2,5,1,82,12
82990,65.0,13.3,2,2304000,0,0,0,0,0,0,0,1,0,0,484,39,6,6,8,5,1,111,12
199990,80.0,16.0,1,2304000,0,0,0,1,0,0,0,0,0,0,66,147,24,1,4,1,1,59,12
189999,77.0,16.0,2,9216000,0,0,0,0,0,0,0,0,1,0,63,51,8,1,4,1,1,62,11
73990,69.0,13.3,3,2304000,0,0,0,0,0,0,1,0,0,0,777,131,19,1,2,5,1,72,12
67990,70.0,15.6,1,2073600,0,0,1,0,0,0,0,0,0,0,739,100,19,1,2,5,1,33,12
142990,82.0,16.0,1,4096000,0,0,1,0,0,0,0,0,0,0,508,51,8,1,2,1,1,53,12
64990,72.0,14.0,1,2304000,0,0,0,0,0,0,1,0,0,0,240,113,24,1,2,5,1,72,12
84800,75.0,16.0,1,2304000,0,0,1,0,0,0,0,0,0,0,713,48,2,1,2,5,1,31,12
64990,69.0,14.0,1,2304000,0,0,0,0,0,0,1,0,0,0,241,131,19,1,6,5,1,79,12
129990,80.0,16.0,1,2304000,1,0,0,0,0,0,0,0,0,0,404,139,24,1,4,5,1,63,12
114990,78.0,16.0,1,2304000,1,0,0,0,0,0,0,0,0,0,403,139,24,6,4,5,1,63,12
80000,69.32352941,15.6,1,2073600,1,0,0,0,0,0,0,0,0,0,82,66,1,6,8,5,1,40,12
54990,60.0,15.6,1,2073600,1,0,0,0,0,0,0,0,0,0,81,58,1,1,8,5,1,40,12
98999,67.0,14.0,1,2304000,0,0,0,0,0,0,0,0,1,0,202,59,6,1,8,5,1,123,12
69990,62.0,14.0,1,2073600,0,0,0,1,0,0,0,0,0,0,356,6,28,6,2,5,1,126,9
76990,72.0,15.6,1,2073600,0,0,1,0,0,0,0,0,0,0,740,114,24,1,2,5,1,33,12
74990,66.0,14.0,2,2304000,0,0,0,0,0,0,0,0,1,0,594,58,1,1,8,5,1,123,12
89990,73.0,14.0,2,2304000,0,0,0,0,0,0,0,0,1,0,593,68,6,1,8,5,1,123,12
29999,69.32352941,15.6,1,1049088,0,0,0,0,1,0,0,0,0,0,37,179,27,6,2,5,1,115,11
97705,67.0,16.0,1,2304000,0,0,0,0,1,0,0,0,0,0,787,37,1,1,4,5,1,45,12
240707,89.0,16.0,1,9216000,0,0,0,0,1,0,0,0,0,0,790,53,8,3,4,1,1,52,12
234990,83.0,16.0,1,2304000,0,0,0,0,1,0,0,0,0,0,792,52,8,1,4,1,1,61,12
209990,80.0,16.0,1,2304000,0,0,0,0,1,0,0,0,0,0,789,52,8,1,4,1,1,52,12
390914,69.32352941,16.0,1,9216000,0,0,0,0,1,0,0,0,0,0,791,53,8,3,4,1,1,2,12
172588,84.0,16.0,1,9216000,0,0,0,0,1,0,0,0,0,0,794,52,8,1,4,1,1,52,12
254657,86.0,16.0,1,9216000,0,0,0,0,1,0,0,0,0,0,793,52,8,1,4,1,1,61,12
152499,78.0,16.0,1,4096000,0,0,0,0,0,0,0,0,1,0,810,68,6,1,8,1,1,124,12
23990,69.32352941,11.6,1,1049088,0,0,0,0,0,0,1,0,0,0,223,172,16,4,2,2,1,128,12
119990,71.0,14.0,1,4096000,0,0,1,0,0,0,0,0,0,0,507,121,24,1,4,5,1,51,12
78299,72.0,16.0,1,2304000,0,0,0,0,0,0,0,0,1,0,598,131,19,1,2,5,1,77,12
115990,69.0,14.0,1,2304000,0,0,0,0,0,0,0,0,1,0,201,68,6,1,8,5,1,123,12
61990,65.0,15.6,1,2073600,0,0,1,0,0,0,0,0,0,0,682,58,1,1,2,5,1,94,12
26999,69.32352941,15.6,1,1049088,0,0,0,0,1,0,0,0,0,0,53,85,17,6,2,5,1,80,3
103099,73.0,16.1,1,3686400,0,0,0,0,1,0,0,0,0,0,425,61,22,1,4,5,1,53,12
64990,63.0,15.6,1,2073600,0,0,0,0,0,1,0,0,0,0,808,73,8,3,9,1,1,111,12
47990,62.0,14.0,2,2073600,0,0,0,0,0,0,1,0,0,0,513,37,1,6,2,5,1,126,12
24990,69.32352941,14.0,1,1049088,0,0,0,0,0,0,1,0,0,0,218,91,16,6,2,2,1,112,10
130800,69.0,14.0,1,2073600,0,0,0,0,0,0,1,0,0,0,574,29,28,1,2,5,1,12,12
57990,71.0,15.6,2,2073600,0,0,0,0,0,0,0,1,0,0,548,30,24,1,2,5,1,27,12
38500,69.32352941,15.6,1,2073600,0,0,0,0,0,0,1,0,0,0,564,127,28,6,2,5,1,79,3
47990,67.0,15.6,2,2073600,0,0,0,0,0,0,0,1,0,0,549,19,19,6,2,5,1,27,12
44990,60.0,14.0,1,2304000,0,0,0,0,0,0,1,0,0,0,571,127,28,6,2,5,1,80,12
69990,65.0,15.6,2,2073600,0,0,0,0,0,0,0,1,0,0,344,41,22,1,4,5,1,33,12
61990,64.0,15.6,1,2073600,0,0,1,0,0,0,0,0,0,0,681,58,1,1,2,5,1,94,12
89990,75.0,16.0,1,2304000,0,0,1,0,0,0,0,0,0,0,714,40,22,1,2,5,1,54,12
65990,60.0,15.6,1,2073600,0,0,1,0,0,0,0,0,0,0,684,81,1,1,2,5,1,94,12
58990,62.0,14.0,1,2304000,0,0,0,0,0,0,1,0,0,0,569,131,19,6,2,5,1,80,12
94990,66.0,15.6,1,2073600,0,0,0,0,1,0,0,0,0,0,151,58,1,1,8,5,1,111,12
86490,70.0,15.6,1,2073600,0,0,0,0,1,0,0,0,0,0,154,135,24,1,8,5,1,79,12
77490,66.0,15.6,1,2073600,0,0,0,0,1,0,0,0,0,0,152,131,19,1,8,5,1,79,12
85490,66.0,15.6,1,2073600,0,0,0,0,1,0,0,0,0,0,153,131,19,1,8,5,1,79,12
44000,69.32352941,15.6,1,2073600,0,0,0,0,0,0,1,0,0,0,265,55,15,6,8,5,1,95,12
51990,60.0,14.0,1,2073600,0,0,0,0,1,0,0,0,0,0,2,129,28,1,8,5,1,79,12
37990,60.0,15.6,1,2073600,0,0,0,1,0,0,0,0,0,0,759,15,17,6,2,1,0,126,12
34990,69.32352941,14.0,1,2073600,0,0,0,0,1,0,0,0,0,0,0,126,28,6,8,5,1,79,12
57799,64.0,14.0,1,2073600,0,0,0,0,0,0,1,0,0,0,570,131,19,1,2,5,1,80,12
65990,67.0,15.6,1,2073600,0,0,0,0,0,0,1,0,0,0,584,37,1,6,2,5,1,126,12
53990,66.0,15.6,1,2073600,0,0,0,0,0,0,1,0,0,0,577,37,1,6,2,5,1,131,12
49990,67.0,15.6,1,2073600,0,0,0,0,0,0,1,0,0,0,244,100,19,6,2,5,1,27,12
171990,79.0,15.6,2,3686400,0,0,0,0,0,0,0,1,0,0,516,70,2,1,4,1,1,63,12
44990,69.32352941,14.0,1,2073600,0,0,0,0,1,0,0,0,0,0,3,56,18,6,2,5,1,126,12
115990,70.0,15.6,1,2073600,0,0,0,0,1,0,0,0,0,0,148,66,1,1,8,1,1,118,12
50990,60.0,14.0,1,2073600,0,0,0,0,1,0,0,0,0,0,4,129,28,1,8,5,1,79,12
109990,69.0,15.6,1,2073600,0,0,0,0,1,0,0,0,0,0,147,66,1,1,8,5,1,118,12
29990,69.32352941,14.0,1,1049088,1,0,0,0,0,0,0,0,0,0,439,88,28,6,2,2,1,80,12
163999,83.0,14.0,1,4096000,0,0,1,0,0,0,0,0,0,0,505,143,24,1,4,1,1,53,12
58990,71.0,15.6,1,2073600,0,0,1,0,0,0,0,0,0,0,541,26,19,6,2,1,1,31,12
83990,69.32352941,14.0,1,2073600,0,0,0,1,0,0,0,0,0,0,320,66,1,1,8,5,1,123,12
43890,63.0,15.6,1,2073600,0,0,0,1,0,0,0,0,0,0,306,104,19,6,2,5,1,83,12
79999,76.0,16.0,1,4096000,0,0,0,0,0,0,0,0,1,0,61,136,24,3,4,3,1,76,12
35490,69.32352941,15.6,1,2073600,0,0,0,0,0,0,1,0,0,0,226,15,17,6,2,5,1,123,12
137890,77.0,15.6,1,2073600,0,0,0,0,1,0,0,0,0,0,798,122,24,3,4,1,1,44,12
94990,67.0,14.0,1,2304000,0,0,0,1,0,0,0,0,0,0,330,45,1,1,2,5,1,123,12
67990,70.0,15.6,1,2073600,0,0,0,0,0,0,1,0,0,0,246,40,22,1,2,5,1,33,12
46990,69.32352941,14.0,1,2073600,0,0,0,0,1,0,0,0,0,0,1,129,28,6,8,5,1,79,12
94990,77.0,16.0,1,2304000,0,0,1,0,0,0,0,0,0,0,715,48,2,1,2,5,1,54,12
83500,67.0,17.3,1,2073600,0,0,0,0,0,0,0,1,0,0,176,11,19,6,2,5,1,27,9
91990,73.0,15.6,2,2073600,0,0,0,0,0,0,0,1,0,0,140,40,22,1,4,5,1,53,12
111990,78.0,15.6,2,2073600,0,0,0,0,0,0,0,1,0,0,141,48,2,1,4,5,1,63,12
67990,66.0,15.6,1,2073600,0,0,0,0,1,0,0,0,0,0,49,37,1,1,2,5,1,123,12
67999,62.0,14.0,1,2073600,0,0,0,0,0,0,1,0,0,0,579,37,1,6,2,5,1,121,3
46200,69.32352941,14.0,1,2073600,0,0,0,0,0,0,1,0,0,0,814,34,18,6,2,5,1,125,3
52998,69.32352941,16.0,1,2073600,0,0,0,1,0,0,0,0,0,0,770,34,18,6,2,5,1,125,11
45499,69.32352941,15.6,1,2073600,0,0,0,1,0,0,0,0,0,0,767,104,19,6,2,5,1,80,12
49999,62.0,14.0,1,2073600,0,0,0,0,0,0,1,0,0,0,813,34,18,6,2,5,1,125,12
29980,69.32352941,15.6,1,2073600,1,0,0,0,0,0,0,0,0,0,74,177,25,6,2,2,1,126,12
57290,60.0,16.0,1,2304000,0,0,0,1,0,0,0,0,0,0,294,145,19,6,8,5,1,80,12
58990,62.0,14.0,1,2073600,0,0,0,0,1,0,0,0,0,0,444,27,28,6,2,5,1,111,12
199990,85.0,14.0,1,4096000,0,0,0,0,0,0,0,0,1,0,106,149,24,3,4,1,1,63,12
79990,70.0,15.6,2,2073600,0,0,0,0,0,0,0,1,0,0,113,136,24,1,4,5,1,50,12
78990,69.0,15.6,2,2073600,0,0,0,0,0,0,0,1,0,0,114,132,19,1,4,5,1,50,12
51990,69.32352941,14.0,1,2304000,1,0,0,0,0,0,0,0,0,0,83,58,1,6,8,5,1,123,12
104990,78.0,17.3,1,2073600,0,0,0,0,0,0,0,1,0,0,119,136,24,1,4,1,1,68,12
104990,78.0,15.6,1,2073600,0,0,0,0,0,0,0,1,0,0,117,134,24,1,4,1,1,68,12
39990,69.32352941,14.0,1,2073600,1,0,0,0,0,0,0,0,0,0,437,18,28,6,2,5,1,123,12
59990,71.0,15.6,2,2073600,0,0,0,0,0,0,0,1,0,0,555,30,24,1,2,5,1,31,12
47990,66.0,15.6,2,2073600,0,0,0,0,0,0,0,1,0,0,556,19,19,6,2,5,1,31,12
47890,69.32352941,15.6,1,2073600,0,0,1,0,0,0,0,0,0,0,695,37,1,6,2,5,1,94,12
85490,75.0,15.6,1,2073600,0,0,0,0,0,0,0,1,0,0,116,132,19,1,4,5,1,56,12
94990,77.0,15.6,1,2073600,0,0,0,0,0,0,0,1,0,0,115,134,24,1,4,1,1,56,12
95490,77.0,17.3,1,2073600,0,0,0,0,0,0,0,1,0,0,118,136,24,1,4,1,1,56,12
54999,63.0,15.6,1,1049088,0,0,0,0,1,0,0,0,0,0,57,34,18,6,2,5,1,80,12
159000,72.0,14.0,1,2304000,0,0,0,0,0,0,1,0,0,0,573,46,6,1,2,5,1,123,12
80610,70.0,16.0,1,2073600,0,0,0,1,0,0,0,0,0,0,328,39,6,1,2,5,1,13,11
77990,66.0,13.3,2,2304000,0,0,0,0,0,0,0,1,0,0,483,39,6,6,8,5,1,111,12
303490,69.32352941,17.0,1,9216000,0,0,0,1,0,0,0,0,0,0,774,73,8,3,4,1,1,63,12
201990,82.0,13.4,1,9216000,0,0,0,1,0,0,0,0,0,0,772,68,6,3,8,1,1,123,12
278290,88.0,15.6,1,7464960,0,0,0,1,0,0,0,0,0,0,775,73,8,3,4,1,1,55,12
286200,82.0,16.0,1,4096000,0,0,0,0,0,0,1,0,0,0,365,76,14,3,4,1,1,4,12
157544,71.0,16.0,1,6400000,0,0,0,0,0,0,1,0,0,0,372,64,6,1,4,1,1,66,12
140990,77.0,16.0,1,4096000,0,0,0,0,0,0,1,0,0,0,363,138,24,1,4,1,1,66,12
133000,75.0,14.0,1,2073600,0,0,0,0,0,0,1,0,0,0,582,45,1,1,2,5,1,123,12
72500,63.0,14.0,1,2073600,0,0,0,0,0,0,1,0,0,0,580,37,1,6,2,5,1,123,3
127000,70.0,14.0,1,2304000,0,0,0,0,0,0,0,0,1,0,200,59,6,6,8,5,1,123,12
146990,76.0,17.0,1,4096000,0,0,0,0,0,0,0,0,1,0,204,68,6,1,8,1,1,47,12
142990,76.0,16.0,1,4096000,0,0,0,0,0,0,0,0,1,0,203,68,6,1,8,1,1,47,12
205000,72.0,16.0,1,4096000,0,0,0,0,0,0,0,0,1,0,205,59,6,6,8,2,1,124,12
89799,75.0,16.0,1,2304000,0,0,0,0,0,0,0,0,1,0,597,135,24,1,2,5,1,77,12
63999,62.0,14.0,1,2073600,0,0,0,0,0,0,1,0,0,0,576,37,1,1,2,1,1,95,12
43490,69.32352941,15.6,1,2073600,0,0,0,1,0,0,0,0,0,0,305,99,19,6,2,5,1,72,12
12990,69.32352941,14.1,1,2073600,0,0,0,0,0,0,0,0,1,0,620,171,16,4,2,0,1,115,12
15990,69.32352941,15.6,1,2073600,0,0,0,0,0,0,0,0,1,0,621,171,16,4,2,2,1,115,12
36990,62.0,14.0,1,2073600,0,0,0,0,0,0,0,1,0,0,396,34,18,1,2,5,1,112,12
63990,69.0,14.0,1,2304000,0,0,1,0,0,0,0,0,0,0,677,40,22,1,2,5,1,31,12
45990,69.32352941,14.0,1,2073600,0,0,0,0,0,0,1,0,0,0,512,37,1,6,2,5,1,95,12
34990,69.32352941,15.6,1,2073600,0,0,0,0,0,0,1,0,0,0,607,104,19,6,2,5,1,79,3
41490,69.32352941,15.6,1,2073600,0,0,0,0,0,0,1,0,0,0,566,104,19,6,2,5,1,79,12
64990,64.0,15.6,1,2073600,0,0,1,0,0,0,0,0,0,0,743,114,24,1,2,5,1,31,12
57990,70.0,16.1,1,2073600,0,0,0,0,1,0,0,0,0,0,655,26,19,6,2,5,1,28,12
54990,69.0,15.6,1,2073600,1,0,0,0,0,0,0,0,0,0,97,40,22,1,2,5,1,27,12
208990,72.0,14.0,1,4096000,0,0,0,1,0,0,0,0,0,0,67,70,2,1,8,1,1,49,12
91560,66.0,15.6,1,4665600,0,0,1,0,0,0,0,0,0,0,756,63,6,1,8,1,1,111,12
74000,64.0,14.0,3,2073600,0,0,0,0,0,0,1,0,0,0,578,23,28,1,2,5,1,123,12
51999,69.32352941,15.6,1,2073600,0,0,0,0,0,0,1,0,0,0,613,37,1,6,2,5,1,112,12
31990,69.32352941,15.6,1,2073600,0,0,0,0,0,0,1,0,0,0,614,126,28,6,2,5,1,80,12
32490,69.32352941,15.6,1,2073600,0,0,0,0,0,0,1,0,0,0,230,15,17,6,2,2,1,112,12
74888,64.0,15.6,1,2073600,0,0,0,0,0,0,1,0,0,0,233,178,28,1,2,5,1,12,12
66500,71.0,16.1,1,2073600,0,0,0,0,1,0,0,0,0,0,656,26,19,6,2,5,1,27,12
156799,78.0,16.0,1,4096000,0,0,0,1,0,0,0,0,0,0,811,71,7,1,4,1,1,63,12
166899,82.0,16.0,1,4096000,0,0,0,1,0,0,0,0,0,0,47,71,7,3,4,1,1,63,12
89990,69.32352941,14.0,1,2304000,0,0,0,1,0,0,0,0,0,0,335,66,1,1,8,5,1,123,12
171499,79.0,17.3,1,3686400,0,0,0,0,1,0,0,0,0,0,434,54,10,1,4,1,1,63,12
29999,69.32352941,14.0,1,1049088,0,0,0,0,1,0,0,0,0,0,7,181,27,6,2,5,1,126,12
35998,69.32352941,15.6,2,2073600,0,0,0,0,0,0,1,0,0,0,228,15,17,6,2,5,1,112,12
44989,69.32352941,15.6,1,2073600,0,0,0,1,0,0,0,0,0,0,293,55,15,6,2,5,1,112,12
34990,69.32352941,15.6,1,2073600,1,0,0,0,0,0,0,0,0,0,77,34,18,6,2,5,1,124,12
48990,60.0,14.0,1,2073600,0,0,0,0,0,1,0,0,0,0,209,32,28,1,6,5,1,111,12
72990,69.32352941,14.0,1,2304000,0,0,0,1,0,0,0,0,0,0,336,58,1,6,8,5,1,123,12
71570,69.32352941,14.0,1,2073600,0,0,0,1,0,0,0,0,0,0,322,58,1,1,8,5,1,123,12
74990,67.0,15.6,1,2073600,0,0,0,0,1,0,0,0,0,0,645,114,24,1,2,5,1,33,12
25990,69.32352941,15.6,1,2073600,0,0,1,0,0,0,0,0,0,0,144,175,16,6,2,2,1,130,12
46490,63.0,14.0,1,2073600,0,0,0,0,1,0,0,0,0,0,489,117,24,6,2,5,1,72,3
64590,69.32352941,14.0,1,2073600,0,0,0,1,0,0,0,0,0,0,324,58,1,6,8,5,1,123,12
63990,69.32352941,15.6,1,2073600,0,0,0,1,0,0,0,0,0,0,309,58,1,6,2,5,1,112,12
247999,69.32352941,17.0,3,4096000,0,0,0,0,0,0,0,1,0,0,137,75,8,3,4,1,1,64,12
93990,66.0,16.0,1,2304000,0,0,0,1,0,0,0,0,0,0,337,58,1,6,8,5,1,123,12
51990,65.0,15.6,1,2073600,0,0,0,0,1,0,0,0,0,0,641,105,19,6,2,5,1,18,12
47990,63.0,16.0,1,2304000,0,0,1,0,0,0,0,0,0,0,701,131,19,6,2,5,1,79,12
34390,69.32352941,14.0,1,2073600,0,0,0,0,0,0,1,0,0,0,600,34,18,6,2,5,1,112,3
50990,65.0,15.6,1,2073600,1,0,0,0,0,0,0,0,0,0,95,40,22,6,2,5,1,27,12
28490,69.32352941,15.0,1,1049088,0,0,0,0,1,0,0,0,0,0,36,173,16,6,2,5,1,115,11
79990,75.0,15.6,2,2073600,0,0,0,0,0,0,0,1,0,0,339,48,2,6,4,5,1,50,12
79990,75.0,15.6,2,2073600,0,0,0,0,0,0,0,1,0,0,340,40,22,1,4,1,1,50,12
29990,69.32352941,14.0,1,1049088,1,0,0,0,0,0,0,0,0,0,438,88,28,6,2,5,1,83,12
59990,64.0,15.6,1,2073600,0,0,0,0,1,0,0,0,0,0,643,105,19,6,2,5,1,33,12
107399,69.32352941,16.0,1,9216000,1,0,0,0,0,0,0,0,0,0,521,140,24,1,8,1,1,79,12
129199,76.0,15.6,1,2073600,0,0,0,1,0,0,0,0,0,0,168,71,7,1,4,5,1,63,12
119990,73.0,15.6,1,2073600,0,0,0,1,0,0,0,0,0,0,169,71,7,1,4,5,1,53,12
187490,79.0,16.0,1,4096000,0,0,0,1,0,0,0,0,0,0,812,77,14,1,4,1,1,63,12
125699,75.0,15.6,1,2073600,0,0,0,1,0,0,0,0,0,0,165,71,7,1,4,5,1,53,12
49990,69.32352941,14.0,1,2073600,1,0,0,0,0,0,0,0,0,0,105,56,18,1,6,5,1,112,13
56990,69.32352941,15.6,1,2073600,1,0,0,0,0,0,0,0,0,0,92,58,1,1,8,5,1,111,12
44990,69.32352941,15.6,1,2073600,0,0,1,0,0,0,0,0,0,0,697,80,18,6,2,5,1,95,12
110000,71.0,15.6,1,3686400,0,0,1,0,0,0,0,0,0,0,528,122,24,1,0,1,1,52,11
189990,89.0,14.0,1,4096000,0,0,1,0,0,0,0,0,0,0,506,143,24,3,4,1,1,63,12
129990,73.0,15.6,1,2073600,0,0,1,0,0,0,0,0,0,0,534,73,8,1,2,5,1,53,12
131990,84.0,15.6,1,2073600,0,0,1,0,0,0,0,0,0,0,530,143,24,1,2,1,1,53,12
